<metadata>
	<idinfo>
		<citation>
			<citeinfo>
				<origin>Wildland Fire Science, Earth Resources Observation and Science Center, U.S. Geological Survey </origin>
				<pubdate>2010</pubdate>
				<pubtime>Unknown</pubtime>
				<title>LANDFIRE Refresh 2001 (lf_1.0.5)  Existing Vegetation Cover (lf_105evc)</title>
				<geoform>raster digital data</geoform>
				<serinfo>
					<sername>LANDFIRE Existing Vegetation Cover</sername>
					<issue>Refresh 2001 (lf_1.0.5)</issue>
				</serinfo>
				<pubinfo>
					<pubplace>Sioux Falls, SD</pubplace>
					<publish>Wildland Fire Science, Earth Resources Observation and Science Center, U.S. Geological Survey</publish>
				</pubinfo>
				<othercit>United States Forest Service</othercit>
				<onlink>http://www.landfire.gov</onlink>
				<onlink>http://landfire.cr.usgs.gov/viewer/</onlink>
			</citeinfo>
		</citation>
		<descript>
			<abstract>
The LANDFIRE existing vegetation layers describe the following elements of existing vegetation for each LANDFIRE mapping zone: existing vegetation type, existing vegetation canopy cover, and existing vegetation height. Vegetation is mapped using predictive landscape models based on extensive field reference data, satellite imagery, biophysical gradient layers, and classification and regression trees.

DATA SUMMARY: The existing vegetation cover (EVC) data layer depicts percent canopy cover by life form, and is an important input to other LANDFIRE mapping efforts. EVC is generated separately for tree, shrub and herbaceous life forms using training data and a series of geospatial predictor layers. Plots from the Forest Inventory and Analysis (FIA) program of USDA Forest Service (http://fia.fs.fed.us/) were used as the training data for tree canopy cover mapping, with canopy cover of the plots estimated from stem-mapped tree data and calibrated with line intercept field measurements of canopy cover (Toney and others  2009). Shrub and herbaceous canopy cover training data were also derived  from plot-level, ground-based visual assessments. More information regarding contributors of field plot data can be found athttp://www.landfire.gov/participate_acknowledgements.php.  Regression tree models were developed separately for each life form using the training data and a combination of multitemporal Landsat data, terrain data from a digital elevation model, and biophysical gradient data layers.  Cubist software was used for modeling. The derived regression tree equations were then applied to the geospatial predictor data to create 30-m resolution, life form specific data layers (i.e., separate data layers are generated for tree, shrub and herbaceous vegetation cover).

Each of the derived data layers (tree, shrub, herbaceous) has a potential range of 0-100 percent canopy cover. Tree, shrub and herbaceous values were binned into discrete classes (up to 10 bins at 10 percent intervals for tree, shrub and herbaceous canopy cover). The final EVC layer was evaluated and rectified through a series of QA/QC measures to ensure that the life form of the canopy cover code matched the life form of the LANDFIRE existing vegetation type (EVT) layer.

EVC is used in the development of subsequent LANDFIRE data layers.  Refer to spatial metadata for date ranges of field plot data and satellite imagery for each LANDFIRE map zone.

REFRESH 2001 (lf_1.0.5):

Imagery used in LANDFIRE National covered a span of years and several large wildland fires may not be represented for the time period used in that locale.  LANDFIRE circa 2001 ensures wildland fires through 2001 are represented.

Additional improvements implemented in Refresh 2001 include resolving inconsistencies along the international borders and updating aspects of the following: riparian and wetlands areas, agricultural and urban vegetation types as burnable, and adjusting the extent of barren and water land cover types.
</abstract>
			<purpose>
LANDFIRE is a multi-partner mapping project which generates consistent, comprehensive maps and data for the entire United States.  The data describe existing vegetation composition and structure, wildland fuel (crown and surface), simulated historical fire regimes, and current departure from simulated historical vegetation conditions. The consistent and comprehensive nature of LANDFIRE methods ensures data are nationally relevant, while the 30-meter grid resolution assures that data has local application.  Data is based on peer-reviewed science and relies on methodologies from remote sensing, ecosystem simulation, vegetation and disturbance ecology, predictive landscape mapping, landscape simulation, and fire behavior and effects modeling.

The initial data, referred to as LANDFIRE National (lf_1.0.0), was completed winter 2010.  Subsequent versions include LANDFIRE Rapid Refresh (lf_1.0.1), LANDFIRE Improvements (lf_1.0.2), and LANDFIRE Refresh 2001 (lf_1.0.5) and 2008 (lf_1.1.0).  Biennial and decadal remaps are also scheduled.

LANDFIRE Rapid Refresh (lf_1.0.1) increased Canopy Bulk Density and reduced Canopy Base Height.  Fires greater than 1000 acres through 2007 were incorporated in the data.  Rapid Refresh was completed in 2008.

LANDFIRE Improvements (lf_1.0.2), based on user feedback, include refinement of the international borders, riparian and wetlands filter, assignment of certain agricultural and urban classes as burnable, and an increase in the occurrence of barren and water.  Improvements completion is scheduled for spring 2010.

LANDFIRE Refresh 2001 (lf_1.0.5) incorporates all Improvement enhancements as well as remodeled cover and height layers.  Imagery used in LANDFIRE National covered a span of years, and because of this, several large wildland fires are not represented in the data.  Refresh 2001 ensures wildland fires through 2001 are represented.  Refresh 2001 completion is scheduled for spring 2011.

LANDFIRE Refresh 2008 (lf_1.1.0) uses 2001 (lf_1.0.5) data as a launching point to incorporate disturbance that occurred on the landscape after 2001.  Disturbances include not only wildland fire but other activities, both managed and naturally occurring.  Vegetation growth was modeled where both disturbance and non-disturbance occurs. Refresh 2008 completion is scheduled for spring 2011.

Biennial remaps will be a refinement of prior process and methods and the first cycle is scheduled for 2012 through 2013.  Decadal remaps are planned with specific dates to be determined.

LANDFIRE is supported by the US Department of Agriculture (USDA) Forest Service Office of Fire and Aviation Management, the US Department of Interior (US DOI) Office of Wildland Fire Coordination, and The Nature Conservancy. LANDFIRE meets agency, partner, and stakeholder needs for data to support landscape fire management planning, prioritization of fuel treatments, collaboration, community and firefighter protection, and effective resource allocation.
</purpose>
		</descript>
		<timeperd>
			<timeinfo>
				<sngdate>
					<caldate>Not Applicable</caldate>
				</sngdate>
			</timeinfo>
			<current>publication date</current>
		</timeperd>
		<status>
			<progress>Complete</progress>
			<update>None planned</update>
		</status>
		<spdom>
			<bounding>
				<westbc>-89.9353</westbc>
				<eastbc>-87.8709</eastbc>
				<northbc>42.6514</northbc>
				<southbc>41.9831</southbc>
			</bounding>
		</spdom>
		<keywords>
			<theme>
				<themekt>None</themekt>
				<themekey>Raster digital data</themekey>
				<themekey>U.S. Geological Survey</themekey>
				<themekey>USGS</themekey>
				<themekey>GIS</themekey>
				<themekey>LANDFIRE</themekey>
				<themekey>USFS</themekey>
				<themekey>United States Forest Service</themekey>
				<themekey>Existing Vegetation Cover</themekey>
				<themekey>EVC</themekey>
				<themekey>Refresh 2001</themekey>
				<themekey>LF_1.0.5</themekey>
			</theme>
			<theme>
				<themekt>ISO 19115 Category</themekt>
				<themekey>imageryBaseMapsEarthCover</themekey>
				<themekey>010</themekey>
			</theme>
			<place>
				<placekt>U.S. Department of Commerce, 1995, Countries, dependencies, areas of special sovereignty, and their principal administrative divisions, Federal Information Processing Standard 10-4,): Washington, D.C., National Institute of Standards and Technology</placekt>
				<placekey>United States</placekey>
				<placekey>U.S.</placekey>
				<placekey>US</placekey>
			</place>
		</keywords>
		<accconst>None</accconst>
		<useconst>
Although LANDFIRE products are delivered as 30-meter pixels, they should not be used at the individual pixel level or on small groups of pixels. LANDFIRE products were designed to support 1) national (all states) strategic planning, 2) regional (single large states or groups of smaller states), and 3) strategic/tactical planning for large sub-regional landscapes and Fire Management Units (FMUs) (such as significant portions of states or multiple federal administrative entities).  The applicability of LANDFIRE products to support fire and land management planning on smaller areas will vary by product, location, and specific use. Further investigation by local and regional experts should be conducted to inform decisions regarding local applicability. However, it is the responsibility of the local user, using LANDFIRE metadata and local knowledge, to determine if and/or how LANDFIRE can be used for particular areas of interest.

LANDFIRE products are not intended to replace local products, but rather serve as a back-up by providing wall-to-wall cross-boundary products. It is the responsibility of the user to be familiar with the value, assumptions, and limitations of LANDFIRE products.  Managers and planners must evaluate LANDFIRE data according to the scale and requirements specific to their needs.
</useconst>
		<ptcontac>
			<cntinfo>
				<cntorgp>
					<cntorg>Wildland Fire Science, Earth Resources Observation and Science Center, U.S. Geological Survey</cntorg>
				</cntorgp>
				<cntpos>Customer Service Representative</cntpos>
				<cntaddr>
					<addrtype>physical address</addrtype>
					<address>47914 252nd Street</address>
					<city>Sioux Falls</city>
					<state>SD</state>
					<postal>57198-0001</postal>
					<country>USA</country>
				</cntaddr>
				<cntvoice>605/594-6151</cntvoice>
				<cntfax>605/594-6589</cntfax>
				<cntemail>helpdesk@landfire.gov</cntemail>
			</cntinfo>
		</ptcontac>
		<datacred>Data have been collected and analyzed by teams at both USGS EROS, Sioux Falls, SD and at the USFS, Rocky Mountain Research Station, Missoula, MT.  Depending on the data set described primary responsibility may reside with USGS EROS or with USFS.  Contact information will be listed in the Contact Section and in the Metadata Reference section with regards to the primary responsibility.</datacred>
		<secinfo>
			<secsys>None in place</secsys>
			<secclass>Unclassified</secclass>
			<sechandl>If there is ever doubt, contact the appropriate resource staff who has stewardship responsibility and the GIS Coordinator.</sechandl>
		</secinfo>
		<native>Microsoft Windows 2000 Version 5.0 (Build 2195) Service Pack 4; ESRI ArcCatalog 9.1.0.722</native>
		<crossref>
			<citeinfo>
				<origin>Toney, Chris; Shaw, John D.; Nelson, Mark D.</origin>
				<pubdate>2009</pubdate>
				<title>A stem-map model for predicting tree canopy cover of Forest Inventory and Analysis (FIA) plots</title>
				<othercit>RMRS-P-56CD. Fort Collins, CO: U.S. Department of Agriculture, Forest Service, Rocky Mountain Research Station. 19 p.</othercit>
				<onlink>http://www.treesearch.fs.fed.us/pubs/33381</onlink>
				<lworkcit>
					<citeinfo>
						<origin>McWilliams, Will; Moisen, Gretchen; Czaplewski, Ray, comps.</origin>
						<pubdate>October 21-23, 2008</pubdate>
						<title>Forest Inventory and Analysis (FIA) Symposium 2008; Park City, UT. Proc.</title>
					</citeinfo>
				</lworkcit>
			</citeinfo>
		</crossref>
	</idinfo>
	<dataqual>
		<attracc>
			<attraccr>Assessment not applied</attraccr>
			<qattracc>
				<attraccv>0.0</attraccv>
				<attracce>Assessment not applied</attracce>
			</qattracc>
		</attracc>
		<logic>Data were checked for overshoots and undershoots.  Polygons, arc topology and raster integrity are present. Data contains projection information.</logic>
		<complete>The Process_Step Process_Description</complete>
		<lineage>
			<procstep>
				<procdesc>For a detailed definition and discussion on LANDFIRE, refer to http://www.LANDFIRE.gov</procdesc>
				<procdate>Unknown</procdate>
				<proccont>
					<cntinfo>
						<cntorgp>
							<cntorg>U.S. Geological Survey</cntorg>
						</cntorgp>
						<cntpos>Customer Service Representative</cntpos>
						<cntaddr>
							<addrtype>mailing and physical address</addrtype>
							<address>47914 252nd Street</address>
							<address>USGS EROS</address>
							<city>Sioux Falls</city>
							<state>SD</state>
							<postal>57198-0001</postal>
							<country>USA</country>
						</cntaddr>
						<cntvoice>605/594-6151</cntvoice>
						<cnttdd>605/594-6933</cnttdd>
						<cntfax>605/594-6589</cntfax>
						<cntemail>custserv@usgs.gov</cntemail>
						<hours>0800 - 1600, CT M-F (-6h CST/-5h  CDT GMT)</hours>
					</cntinfo>
				</proccont>
			</procstep>
			<procstep>
				<procdesc>Metadata updated</procdesc>
				<procdate>20110214</procdate>
			</procstep>
			<procstep><procdesc Sync="TRUE">Metadata imported.</procdesc><srcused Sync="TRUE">C:\DOCUME~1\HKREIL~1\LOCALS~1\Temp\xml86B.tmp</srcused><procdate Sync="TRUE">20110214</procdate><proctime Sync="TRUE">16065900</proctime></procstep><procstep><procdesc Sync="TRUE">Dataset copied.</procdesc><srcused Sync="TRUE">E:\WorkSpace\datalist\metadata\edit_metadata\REFRESH\c01\US\VEGETATION\lf_105_evc_20110510</srcused><procdate Sync="TRUE">20110510</procdate><proctime Sync="TRUE">16140300</proctime></procstep></lineage>
	</dataqual>
	<spdoinfo>
		<direct>Raster</direct>
		<rastinfo>
			<rasttype>Grid Cell</rasttype>
			<rowcount>23553</rowcount>
			<colcount>7783</colcount>
			<vrtcount>1</vrtcount>
		</rastinfo>
	</spdoinfo>
	<spref>
		<horizsys>
			<planar>
				<mapproj>
					<mapprojn>Albers Conical Equal Area</mapprojn>
					<albers>
						<stdparll>29.500000</stdparll>
						<stdparll>45.500000</stdparll>
						<longcm>-96.000000</longcm>
						<latprjo>23.000000</latprjo>
						<feast>0.000000</feast>
						<fnorth>0.000000</fnorth>
					</albers>
				</mapproj>
				<planci>
					<plance>row and column</plance>
					<coordrep>
						<absres>30.000000</absres>
						<ordres>30.000000</ordres>
					</coordrep>
					<plandu>meters</plandu>
				</planci>
			</planar>
			<geodetic>
				<horizdn>North American Datum of 1983</horizdn>
				<ellips>Geodetic Reference System 80</ellips>
				<semiaxis>6378137.000000</semiaxis>
				<denflat>298.257222</denflat>
			</geodetic>
		</horizsys>
	</spref>
	<eainfo>
		<detailed>
			<enttyp>
				<enttypl>evc</enttypl>
				<enttypd>Existing Vegetation Cover</enttypd>
				<enttypds>Landfire</enttypds>
			</enttyp>
			<attr>
				<attrlabl>ObjectID</attrlabl>
				<attrdef>Internal feature number.</attrdef>
				<attrdefs>ESRI</attrdefs>
				<attrdomv>
					<udom>Sequential unique whole numbers that are automatically generated.</udom>
				</attrdomv>
			</attr>
			<attr>
				<attrlabl>Value</attrlabl>
				<attrdef>Existing vegetation height</attrdef>
				<attrdefs>Landfire</attrdefs>
				<attrdomv>
					<edom>
						<edomv>11</edomv>
						<edomvd>Open Water</edomvd>
						<edomvds>LANDFIRE</edomvds>
					</edom>
				</attrdomv>
				<attrdomv>
					<edom>
						<edomv>12</edomv>
						<edomvd>Snow/Ice</edomvd>
						<edomvds>LANDFIRE</edomvds>
					</edom>
				</attrdomv>
				<attrdomv>
					<edom>
						<edomv>13</edomv>
						<edomvd>Developed-Upland Deciduous Forest</edomvd>
						<edomvds>LANDFIRE</edomvds>
					</edom>
				</attrdomv>
				<attrdomv>
					<edom>
						<edomv>14</edomv>
						<edomvd>Developed-Upland Evergreen Forest</edomvd>
						<edomvds>LANDFIRE</edomvds>
					</edom>
				</attrdomv>
				<attrdomv>
					<edom>
						<edomv>15</edomv>
						<edomvd>Developed-Upland Mixed Forest</edomvd>
						<edomvds>LANDFIRE</edomvds>
					</edom>
				</attrdomv>
				<attrdomv>
					<edom>
						<edomv>16</edomv>
						<edomvd>Developed-Upland Herbaceous</edomvd>
						<edomvds>LANDFIRE</edomvds>
					</edom>
				</attrdomv>
				<attrdomv>
					<edom>
						<edomv>17</edomv>
						<edomvd>Developed-Upland Shrubland</edomvd>
						<edomvds>LANDFIRE</edomvds>
					</edom>
				</attrdomv>
				<attrdomv>
					<edom>
						<edomv>18</edomv>
						<edomvd>Developed-Herbaceous Wetland Vegetation</edomvd>
						<edomvds>LANDFIRE</edomvds>
					</edom>
				</attrdomv>
				<attrdomv>
					<edom>
						<edomv>19</edomv>
						<edomvd>Developed-Woody Wetland Vegetation</edomvd>
						<edomvds>LANDFIRE</edomvds>
					</edom>
				</attrdomv>
				<attrdomv>
					<edom>
						<edomv>20</edomv>
						<edomvd>Developed - General</edomvd>
						<edomvds>LANDFIRE</edomvds>
					</edom>
				</attrdomv>
				<attrdomv>
					<edom>
						<edomv>21</edomv>
						<edomvd>Developed - Open Space</edomvd>
						<edomvds>LANDFIRE</edomvds>
					</edom>
				</attrdomv>
				<attrdomv>
					<edom>
						<edomv>22</edomv>
						<edomvd>Developed - Low Intensity</edomvd>
						<edomvds>LANDFIRE</edomvds>
					</edom>
				</attrdomv>
				<attrdomv>
					<edom>
						<edomv>23</edomv>
						<edomvd>Developed - Medium Intensity</edomvd>
						<edomvds>LANDFIRE</edomvds>
					</edom>
				</attrdomv>
				<attrdomv>
					<edom>
						<edomv>24</edomv>
						<edomvd>Developed - High Intensity</edomvd>
						<edomvds>LANDFIRE</edomvds>
					</edom>
				</attrdomv>
				<attrdomv>
					<edom>
						<edomv>25</edomv>
						<edomvd>Developed-Roads</edomvd>
						<edomvds>LANDFIRE</edomvds>
					</edom>
				</attrdomv>
				<attrdomv>
					<edom>
						<edomv>31</edomv>
						<edomvd>Barren</edomvd>
						<edomvds>LANDFIRE</edomvds>
					</edom>
				</attrdomv>
				<attrdomv>
					<edom>
						<edomv>32</edomv>
						<edomvd>Quarries-Strip Mines-Gravel Pits</edomvd>
						<edomvds>LANDFIRE</edomvds>
					</edom>
				</attrdomv>
				<attrdomv>
					<edom>
						<edomv>60</edomv>
						<edomvd>NASS-Orchard</edomvd>
						<edomvds>LANDFIRE</edomvds>
					</edom>
				</attrdomv>
				<attrdomv>
					<edom>
						<edomv>61</edomv>
						<edomvd>NASS-Vineyard</edomvd>
						<edomvds>LANDFIRE</edomvds>
					</edom>
				</attrdomv>
				<attrdomv>
					<edom>
						<edomv>62</edomv>
						<edomvd>NASS-Bush fruit and berries</edomvd>
						<edomvds>LANDFIRE</edomvds>
					</edom>
				</attrdomv>
				<attrdomv>
					<edom>
						<edomv>63</edomv>
						<edomvd>NASS-Row Crop-Close Grown Crop</edomvd>
						<edomvds>LANDFIRE</edomvds>
					</edom>
				</attrdomv>
				<attrdomv>
					<edom>
						<edomv>64</edomv>
						<edomvd>NASS-Row Crop</edomvd>
						<edomvds>LANDFIRE</edomvds>
					</edom>
				</attrdomv>
				<attrdomv>
					<edom>
						<edomv>65</edomv>
						<edomvd>NASS-Close Grown Crop</edomvd>
						<edomvds>LANDFIRE</edomvds>
					</edom>
				</attrdomv>
				<attrdomv>
					<edom>
						<edomv>66</edomv>
						<edomvd>NASS-Pasture and Hayland</edomvd>
						<edomvds>LANDFIRE</edomvds>
					</edom>
				</attrdomv>
				<attrdomv>
					<edom>
						<edomv>67</edomv>
						<edomvd>NASS-Pasture and Hayland</edomvd>
						<edomvds>LANDFIRE</edomvds>
					</edom>
				</attrdomv>
				<attrdomv>
					<edom>
						<edomv>75</edomv>
						<edomvd>Herbaceous Semi-dry</edomvd>
						<edomvds>LANDFIRE</edomvds>
					</edom>
				</attrdomv>
				<attrdomv>
					<edom>
						<edomv>76</edomv>
						<edomvd>Herbaceous Semi-wet</edomvd>
						<edomvds>LANDFIRE</edomvds>
					</edom>
				</attrdomv>
				<attrdomv>
					<edom>
						<edomv>78</edomv>
						<edomvd>Recently Disturbed Forest</edomvd>
						<edomvds>LANDFIRE</edomvds>
					</edom>
				</attrdomv>
				<attrdomv>
					<edom>
						<edomv>80</edomv>
						<edomvd>Agriculture - General</edomvd>
						<edomvds>LANDFIRE</edomvds>
					</edom>
				</attrdomv>
				<attrdomv>
					<edom>
						<edomv>81</edomv>
						<edomvd>Pasture/Hay</edomvd>
						<edomvds>LANDFIRE</edomvds>
					</edom>
				</attrdomv>
				<attrdomv>
					<edom>
						<edomv>82</edomv>
						<edomvd>Cultivated Crops</edomvd>
						<edomvds>LANDFIRE</edomvds>
					</edom>
				</attrdomv>
				<attrdomv>
					<edom>
						<edomv>83</edomv>
						<edomvd>Small Grains</edomvd>
						<edomvds>LANDFIRE</edomvds>
					</edom>
				</attrdomv>
				<attrdomv>
					<edom>
						<edomv>84</edomv>
						<edomvd>Fallow</edomvd>
						<edomvds>LANDFIRE</edomvds>
					</edom>
				</attrdomv>
				<attrdomv>
					<edom>
						<edomv>85</edomv>
						<edomvd>Urban-Recreational Grasses</edomvd>
						<edomvds>LANDFIRE</edomvds>
					</edom>
				</attrdomv>
				<attrdomv>
					<edom>
						<edomv>95</edomv>
						<edomvd>Herbaceous Wetlands</edomvd>
						<edomvds>LANDFIRE</edomvds>
					</edom>
				</attrdomv>
				<attrdomv>
					<edom>
						<edomv>100</edomv>
						<edomvd>Sparse Vegetation Canopy</edomvd>
						<edomvds>LANDFIRE</edomvds>
					</edom>
				</attrdomv>
				<attrdomv>
					<edom>
						<edomv>101</edomv>
						<edomvd>Tree Cover &gt;= 10 and &lt; 20%</edomvd>
						<edomvds>LANDFIRE</edomvds>
					</edom>
				</attrdomv>
				<attrdomv>
					<edom>
						<edomv>102</edomv>
						<edomvd>Tree Cover &gt;= 20 and &lt; 30%</edomvd>
						<edomvds>LANDFIRE</edomvds>
					</edom>
				</attrdomv>
				<attrdomv>
					<edom>
						<edomv>103</edomv>
						<edomvd>Tree Cover &gt;= 30 and &lt; 40%</edomvd>
						<edomvds>LANDFIRE</edomvds>
					</edom>
				</attrdomv>
				<attrdomv>
					<edom>
						<edomv>104</edomv>
						<edomvd>Tree Cover &gt;= 40 and &lt; 50%</edomvd>
						<edomvds>LANDFIRE</edomvds>
					</edom>
				</attrdomv>
				<attrdomv>
					<edom>
						<edomv>105</edomv>
						<edomvd>Tree Cover &gt;= 50 and &lt; 60%</edomvd>
						<edomvds>LANDFIRE</edomvds>
					</edom>
				</attrdomv>
				<attrdomv>
					<edom>
						<edomv>106</edomv>
						<edomvd>Tree Cover &gt;= 60 and &lt; 70%</edomvd>
						<edomvds>LANDFIRE</edomvds>
					</edom>
				</attrdomv>
				<attrdomv>
					<edom>
						<edomv>107</edomv>
						<edomvd>Tree Cover &gt;= 70 and &lt; 80%</edomvd>
						<edomvds>LANDFIRE</edomvds>
					</edom>
				</attrdomv>
				<attrdomv>
					<edom>
						<edomv>108</edomv>
						<edomvd>Tree Cover &gt;= 80 and &lt; 90%</edomvd>
						<edomvds>LANDFIRE</edomvds>
					</edom>
				</attrdomv>
				<attrdomv>
					<edom>
						<edomv>109</edomv>
						<edomvd>Tree Cover &gt;= 90 and &lt;= 100%</edomvd>
						<edomvds>LANDFIRE</edomvds>
					</edom>
				</attrdomv>
				<attrdomv>
					<edom>
						<edomv>111</edomv>
						<edomvd>Shrub Cover &gt;= 10 and &lt; 20%</edomvd>
						<edomvds>LANDFIRE</edomvds>
					</edom>
				</attrdomv>
				<attrdomv>
					<edom>
						<edomv>112</edomv>
						<edomvd>Shrub Cover &gt;= 20 and &lt; 30%</edomvd>
						<edomvds>LANDFIRE</edomvds>
					</edom>
				</attrdomv>
				<attrdomv>
					<edom>
						<edomv>113</edomv>
						<edomvd>Shrub Cover &gt;= 30 and &lt; 40%</edomvd>
						<edomvds>LANDFIRE</edomvds>
					</edom>
				</attrdomv>
				<attrdomv>
					<edom>
						<edomv>114</edomv>
						<edomvd>Shrub Cover &gt;= 40 and &lt; 50%</edomvd>
						<edomvds>LANDFIRE</edomvds>
					</edom>
				</attrdomv>
				<attrdomv>
					<edom>
						<edomv>115</edomv>
						<edomvd>Shrub Cover &gt;= 50 and &lt; 60%</edomvd>
						<edomvds>LANDFIRE</edomvds>
					</edom>
				</attrdomv>
				<attrdomv>
					<edom>
						<edomv>116</edomv>
						<edomvd>Shrub Cover &gt;= 60 and &lt; 70%</edomvd>
						<edomvds>LANDFIRE</edomvds>
					</edom>
				</attrdomv>
				<attrdomv>
					<edom>
						<edomv>117</edomv>
						<edomvd>Shrub Cover &gt;= 70 and &lt; 80%</edomvd>
						<edomvds>LANDFIRE</edomvds>
					</edom>
				</attrdomv>
				<attrdomv>
					<edom>
						<edomv>118</edomv>
						<edomvd>Shrub Cover &gt;= 80 and &lt; 90%</edomvd>
						<edomvds>LANDFIRE</edomvds>
					</edom>
				</attrdomv>
				<attrdomv>
					<edom>
						<edomv>119</edomv>
						<edomvd>Shrub Cover &gt;= 90 and &lt;= 100%</edomvd>
						<edomvds>LANDFIRE</edomvds>
					</edom>
				</attrdomv>
				<attrdomv>
					<edom>
						<edomv>121</edomv>
						<edomvd>Herb Cover &gt;= 10 and &lt; 20%</edomvd>
						<edomvds>LANDFIRE</edomvds>
					</edom>
				</attrdomv>
				<attrdomv>
					<edom>
						<edomv>122</edomv>
						<edomvd>Herb Cover &gt;= 20 and &lt; 30%</edomvd>
						<edomvds>LANDFIRE</edomvds>
					</edom>
				</attrdomv>
				<attrdomv>
					<edom>
						<edomv>123</edomv>
						<edomvd>Herb Cover &gt;= 30 and &lt; 40%</edomvd>
						<edomvds>LANDFIRE</edomvds>
					</edom>
				</attrdomv>
				<attrdomv>
					<edom>
						<edomv>124</edomv>
						<edomvd>Herb Cover &gt;= 40 and &lt; 50%</edomvd>
						<edomvds>LANDFIRE</edomvds>
					</edom>
				</attrdomv>
				<attrdomv>
					<edom>
						<edomv>125</edomv>
						<edomvd>Herb Cover &gt;= 50 and &lt; 60%</edomvd>
						<edomvds>LANDFIRE</edomvds>
					</edom>
				</attrdomv>
				<attrdomv>
					<edom>
						<edomv>126</edomv>
						<edomvd>Herb Cover &gt;= 60 and &lt; 70%</edomvd>
						<edomvds>LANDFIRE</edomvds>
					</edom>
				</attrdomv>
				<attrdomv>
					<edom>
						<edomv>127</edomv>
						<edomvd>Herb Cover &gt;= 70 and &lt; 80%</edomvd>
						<edomvds>LANDFIRE</edomvds>
					</edom>
				</attrdomv>
				<attrdomv>
					<edom>
						<edomv>128</edomv>
						<edomvd>Herb Cover &gt;= 80 and &lt; 90%</edomvd>
						<edomvds>LANDFIRE</edomvds>
					</edom>
				</attrdomv>
				<attrdomv>
					<edom>
						<edomv>129</edomv>
						<edomvd>Herb Cover &gt;= 90 and &lt;= 100%</edomvd>
						<edomvds>LANDFIRE</edomvds>
					</edom>
				</attrdomv>
				<attrdomv>
					<edom>
						<edomv>150</edomv>
						<edomvd>Sparse Vegetation Canopy</edomvd>
						<edomvds>LANDFIRE</edomvds>
					</edom>
				</attrdomv>
				<attrdomv>
					<edom>
						<edomv>151</edomv>
						<edomvd>Tree Canopy &gt;= 10 and &lt; 25%</edomvd>
						<edomvds>LANDFIRE</edomvds>
					</edom>
				</attrdomv>
				<attrdomv>
					<edom>
						<edomv>152</edomv>
						<edomvd>Tree Canopy &gt;= 25 and &lt; 60%</edomvd>
						<edomvds>LANDFIRE</edomvds>
					</edom>
				</attrdomv>
				<attrdomv>
					<edom>
						<edomv>153</edomv>
						<edomvd>Tree Canopy &gt;= 60 and &lt;= 100%</edomvd>
						<edomvds>LANDFIRE</edomvds>
					</edom>
				</attrdomv>
				<attrdomv>
					<edom>
						<edomv>161</edomv>
						<edomvd>Shrub Canopy &gt;= 10 and &lt; 25%</edomvd>
						<edomvds>LANDFIRE</edomvds>
					</edom>
				</attrdomv>
				<attrdomv>
					<edom>
						<edomv>162</edomv>
						<edomvd>Shrub Canopy &gt;= 25 and &lt; 60%</edomvd>
						<edomvds>LANDFIRE</edomvds>
					</edom>
				</attrdomv>
				<attrdomv>
					<edom>
						<edomv>163</edomv>
						<edomvd>Shrub Canopy &gt;= 60 and &lt;= 100%</edomvd>
						<edomvds>LANDFIRE</edomvds>
					</edom>
				</attrdomv>
				<attrdomv>
					<edom>
						<edomv>171</edomv>
						<edomvd>Herb Canopy &gt;= 10 and &lt; 60%</edomvd>
						<edomvds>LANDFIRE</edomvds>
					</edom>
				</attrdomv>
				<attrdomv>
					<edom>
						<edomv>172</edomv>
						<edomvd>Herb Canopy &gt;= 60 and &lt;= 100%</edomvd>
						<edomvds>LANDFIRE</edomvds>
					</edom>
				</attrdomv>
			</attr>
			<attr>
				<attrlabl>Count</attrlabl>
				<attrdef>Number of pixels</attrdef>
				<attrdefs>Landfire</attrdefs>
				<attrdomv>
					<udom>Sequential unique whole numbers that are automatically generated.</udom>
				</attrdomv>
			</attr>
			<attr>
				<attrlabl>Evc_name</attrlabl>
				<attrdef>Existing vegetation cover description</attrdef>
				<attrdefs>Landfire</attrdefs>
				<attrdomv>
					<udom>Sequential unique whole numbers that are automatically generated.</udom>
				</attrdomv>
			</attr>
			<attr>
				<attrlabl>R</attrlabl>
				<attrdef>Red color value</attrdef>
				<attrdefs>Landfire</attrdefs>
				<attrdomv>
					<udom>Sequential unique whole numbers that are automatically generated.</udom>
				</attrdomv>
			</attr>
			<attr>
				<attrlabl>G</attrlabl>
				<attrdef>Green color value</attrdef>
				<attrdefs>Landfire</attrdefs>
				<attrdomv>
					<udom>Sequential unique whole numbers that are automatically generated.</udom>
				</attrdomv>
			</attr>
			<attr>
				<attrlabl>B</attrlabl>
				<attrdef>Blue color value</attrdef>
				<attrdefs>Landfire</attrdefs>
				<attrdomv>
					<udom>Sequential unique whole numbers that are automatically generated.</udom>
				</attrdomv>
			</attr>
			<attr>
				<attrlabl>Red</attrlabl>
				<attrdef>Red color value/255</attrdef>
				<attrdefs>Landfire</attrdefs>
				<attrdomv>
					<udom>Sequential unique whole numbers that are automatically generated.</udom>
				</attrdomv>
			</attr>
			<attr>
				<attrlabl>Green</attrlabl>
				<attrdef>Green color value/255</attrdef>
				<attrdefs>Landfire</attrdefs>
				<attrdomv>
					<udom>Sequential unique whole numbers that are automatically generated.</udom>
				</attrdomv>
			</attr>
			<attr>
				<attrlabl>Blue</attrlabl>
				<attrdef>Blue color value/255</attrdef>
				<attrdefs>Landfire</attrdefs>
				<attrdomv>
					<udom>Sequential unique whole numbers that are automatically generated.</udom>
				</attrdomv>
			</attr>
		</detailed>
		<overview>
			<eaover>
VALUE	CLASSNAMES
11	Open Water
12	Snow/Ice
13	Developed-Upland Deciduous Forest
14	Developed-Upland Evergreen Forest
15	Developed-Upland Mixed Forest
16	Developed-Upland Herbaceous
17	Developed-Upland Shrubland
18	Developed-Herbaceous Wetland Vegetation
19	Developed-Woody Wetland Vegetation
20	Developed - General
21	Developed - Open Space
22	Developed - Low Intensity
23	Developed - Medium Intensity
24	Developed - High Intensity
25	Developed-Roads
31	Barren
32	Quarries-Strip Mines-Gravel Pits
60	NASS-Orchard
61	NASS-Vineyard
62	NASS-Bush fruit and berries
63	NASS-Row Crop-Close Grown Crop
64	NASS-Row Crop
65	NASS-Close Grown Crop
66	NASS-Pasture and Hayland
67	NASS-Pasture and Hayland
75	Herbaceous Semi-dry
76	Herbaceous Semi-wet
78	Recently Disturbed Forest
80	Agriculture - General
81	Pasture/Hay
82	Cultivated Crops
83	Small Grains
84	Fallow
85	Urban-Recreational Grasses
95	Herbaceous Wetlands
100	Sparse Vegetation Canopy
101	Tree Cover &gt;= 10 and &lt; 20%
102	Tree Cover &gt;= 20 and &lt; 30%
103	Tree Cover &gt;= 30 and &lt; 40%
104	Tree Cover &gt;= 40 and &lt; 50%
105	Tree Cover &gt;= 50 and &lt; 60%
106	Tree Cover &gt;= 60 and &lt; 70%
107	Tree Cover &gt;= 70 and &lt; 80%
108	Tree Cover &gt;= 80 and &lt; 90%
109	Tree Cover &gt;= 90 and &lt;= 100%
111	Shrub Cover &gt;= 10 and &lt; 20%
112	Shrub Cover &gt;= 20 and &lt; 30%
113	Shrub Cover &gt;= 30 and &lt; 40%
114	Shrub Cover &gt;= 40 and &lt; 50%
115	Shrub Cover &gt;= 50 and &lt; 60%
116	Shrub Cover &gt;= 60 and &lt; 70%
117	Shrub Cover &gt;= 70 and &lt; 80%
118	Shrub Cover &gt;= 80 and &lt; 90%
119	Shrub Cover &gt;= 90 and &lt;= 100%
121	Herb Cover &gt;= 10 and &lt; 20%
122	Herb Cover &gt;= 20 and &lt; 30%
123	Herb Cover &gt;= 30 and &lt; 40%
124	Herb Cover &gt;= 40 and &lt; 50%
125	Herb Cover &gt;= 50 and &lt; 60%
126	Herb Cover &gt;= 60 and &lt; 70%
127	Herb Cover &gt;= 70 and &lt; 80%
128	Herb Cover &gt;= 80 and &lt; 90%
129	Herb Cover &gt;= 90 and &lt;= 100%
150	Sparse Vegetation Canopy
151	Tree Canopy &gt;= 10 and &lt; 25%
152	Tree Canopy &gt;= 25 and &lt; 60%
153	Tree Canopy &gt;= 60 and &lt;= 100%
161	Shrub Canopy &gt;= 10 and &lt; 25%
162	Shrub Canopy &gt;= 25 and &lt; 60%
163	Shrub Canopy &gt;= 60 and &lt;= 100%
171	Herb Canopy &gt;= 10 and &lt; 60%
172	Herb Canopy &gt;= 60 and &lt;= 100%
</eaover>
			<eadetcit>LF_105 (Refresh 2001)Existing Vegetation Cover</eadetcit>
		</overview>
	</eainfo>
	<distinfo>
		<distrib>
			<cntinfo>
				<cntorgp>
					<cntorg>U.S. Geological Survey</cntorg>
				</cntorgp>
				<cntpos>Wildland Fire Science, Earth Resources Observation and Science Center, U.S. Geological Survey</cntpos>
				<cntaddr>
					<addrtype>mailing and physical address</addrtype>
					<address>47914 252nd Street</address>
					<address>USGS EROS</address>
					<city>Sioux Falls</city>
					<state>SD</state>
					<postal>57198</postal>
					<country>USA</country>
				</cntaddr>
				<cntemail>webmapping@usgs.gov</cntemail>
				<hours>0800 - 1600, CT M-F (-6h CST/-5h  CDT GMT)</hours>
				<cntinst>The USGS point of contact is for questions relating only to the data display and download from this web site. For questions regarding data content and quality, refer to the original metadata document.</cntinst>
			</cntinfo>
		</distrib>
		<resdesc>Downloadable Data</resdesc>
		<distliab>This product is reproduced from geospatial information prepared by the U.S. Department of Agriculture, Forest Service and USGS EROS.  By removing the contents of this package or taking receipt of these files via electronic file transfer methods, you understand that the data stored on this media is in draft condition.  Represented features may not be in an accurate geographic location.  The Forest Service and USGS EROS make no expressed or implied warranty, including warranty of merchantability and fitness, with respect to the character, function, or capabilities of the data or their appropriateness for any user's purposes.  The Forest Service and USGS EROS reserve the right to correct, update, modify, or replace this geospatial information without notification.</distliab>
		<stdorder>
			<digform>
				<digtinfo>
					<formname>ARCG</formname>
					<formvern>ArcGIS 9.3</formvern>
					<formspec>Raster</formspec>
					<transize>42.886</transize>
				</digtinfo>
				<digtopt>
					<onlinopt>
						<computer>
							<networka>
								<networkr>http://landfire.cr.usgs.gov/viewer</networkr>
							</networka>
						</computer>
						<accinstr>The URL &lt;http://landfire.cr.usgs.gov/viewer &gt; provides a map interface that allows for data downloads within a customer defined area of interest. Zoom tools are available that can be used to investigate areas of interest on the map interface. The download tool allows the customer to capture layers from the map, utilizing the Seamless Data Distribution System process for downloading. A request summary page is then generated with the download layers listed. By clicking the "download" button on the summary page, a zipped file will be generated that can be saved on the customer's computer. The file can then be unzipped and imported into various user software applications.</accinstr>
						<oncomp>Not available for dissemination.</oncomp>
					</onlinopt>
				</digtopt>
			</digform>
			<fees>None</fees>
			<turnarnd>Variable</turnarnd>
		</stdorder>
		<custom>Data defaults as ArcGrid.  IMG and GeoTIFF formats are also available.</custom>
		<techpreq>ESRI ArcMap Suite and/or Arc/Info software, and supporting operating systems.</techpreq>
		<availabl>
			<timeinfo>
				<rngdates>
					<begdate>2010</begdate>
					<enddate>unknown</enddate>
				</rngdates>
			</timeinfo>
		</availabl>
	</distinfo>
	<metainfo>
		<metd>20070201</metd>
		<metc>
			<cntinfo>
				<cntorgp>
					<cntorg>U.S. Geological Survey</cntorg>
				</cntorgp>
				<cntpos>Customer Service Representative</cntpos>
				<cntaddr>
					<addrtype>mailing and physical address</addrtype>
					<address>47914 252nd Street</address>
					<address>USGS EROS</address>
					<city>Sioux Falls</city>
					<state>SD</state>
					<postal>57198-0001</postal>
					<country>USA</country>
				</cntaddr>
				<cntvoice>605/594-6151</cntvoice>
				<cnttdd>605/594-6933</cnttdd>
				<cntfax>605/594-6589</cntfax>
				<cntemail>custserv@usgs.gov</cntemail>
				<hours>0800 - 1600 CT, M - F (-6h CST/-5h CDT GMT)</hours>
			</cntinfo>
		</metc>
		<metstdn>FGDC Content Standards for Digital Geospatial Metadata</metstdn>
		<metstdv>FGDC-STD-001-1998</metstdv>
		<mettc>local time</mettc>
		<metac>None</metac>
		<metuc>None</metuc>
		<metsi>
			<metscs>None</metscs>
			<metsc>Unclassified</metsc>
			<metshd>None</metshd>
		</metsi>
		<metextns>
			<onlink>http://www.esri.com/metadata/esriprof80.html</onlink>
			<metprof>ESRI Metadata Profile</metprof>
		</metextns>
	</metainfo>
	<Esri><CreaDate>20110510</CreaDate><CreaTime>16140300</CreaTime><SyncOnce>TRUE</SyncOnce><ModDate>20110510</ModDate><ModTime>15123900</ModTime><MetaID>{3184FD19-DEB6-4C2A-A766-4D4ED60FC745}</MetaID></Esri><mdDateSt Sync="TRUE">20110510</mdDateSt><distInfo><distributor><distorTran><onLineSrc><linkage Sync="TRUE">file://\\IGSKMNCNGS220\Distribution$\XML_Metadata\_New_Incoming\lf_105_evc_20110510</linkage><protocol Sync="TRUE">Local Area Network</protocol></onLineSrc></distorTran></distributor></distInfo></metadata>