"","HURON.Class","HURON.fieldacres","HURON.Commodity","HURON.Bin","HURON.Year","HURON.year","HURON.threshold","HURON.NASSacres","HURON.County"
"1",1,105674.356560516,"CORN","Corn",2008,2008,14,126079,"HURON"
"2",5,33930.7028486925,"SOYBEANS","Soy",2008,2008,14,31935,"HURON"
"3",21,53.1109342639697,"BARLEY","Row Crops",2008,2008,14,614,"HURON"
"4",24,58538.8180938706,"WHEAT","Winter Wheat",2008,2008,14,59101,"HURON"
"5",27,56.669909333075,"RYE","Rye",2008,2008,14,266,"HURON"
"6",28,638.11530959915,"OATS","Row Crops",2008,2008,14,1458,"HURON"
"7",36,15359.755317331,"ALFALFA","Alfalfa",2008,2008,14,13479,"HURON"
"8",41,43366.7600793644,"SUGARBEETS","Sugarbeets",2008,2008,14,53239,"HURON"
"9",42,73145.0056669435,"DRY BEANS","Dry Beans",2008,2008,14,73205,"HURON"
"10",43,24.406293474668,"POTATOES","Potatoes",2008,2008,14,635,"HURON"
"12",1,112644.404041584,"CORN","Corn",2008,2008,13,126079,"HURON"
"13",5,35870.5615861603,"SOYBEANS","Soy",2008,2008,13,31935,"HURON"
"14",21,56.9713676598792,"BARLEY","Row Crops",2008,2008,13,614,"HURON"
"15",24,62692.891206734,"WHEAT","Winter Wheat",2008,2008,13,59101,"HURON"
"16",27,56.669909333075,"RYE","Rye",2008,2008,13,266,"HURON"
"17",28,810.885403332681,"OATS","Row Crops",2008,2008,13,1458,"HURON"
"18",36,18705.4864392926,"ALFALFA","Alfalfa",2008,2008,13,13479,"HURON"
"19",41,45820.242150234,"SUGARBEETS","Sugarbeets",2008,2008,13,53239,"HURON"
"20",42,76765.8237822223,"DRY BEANS","Dry Beans",2008,2008,13,73205,"HURON"
"21",43,24.1898004767224,"POTATOES","Potatoes",2008,2008,13,635,"HURON"
"22",50,9.80815180738403,"CUCUMBERS","Row Crops",2008,2008,13,16,"HURON"
"25",1,114102.716280353,"CORN","Corn",2008,2008,12,126079,"HURON"
"26",5,36407.5610341016,"SOYBEANS","Soy",2008,2008,12,31935,"HURON"
"27",21,64.0131900323547,"BARLEY","Row Crops",2008,2008,12,614,"HURON"
"28",24,63528.9803390068,"WHEAT","Winter Wheat",2008,2008,12,59101,"HURON"
"29",27,56.669909333075,"RYE","Rye",2008,2008,12,266,"HURON"
"30",28,826.909604002311,"OATS","Row Crops",2008,2008,12,1458,"HURON"
"31",36,19365.6226838679,"ALFALFA","Alfalfa",2008,2008,12,13479,"HURON"
"32",41,46154.2684017992,"SUGARBEETS","Sugarbeets",2008,2008,12,53239,"HURON"
"33",42,77521.5739826354,"DRY BEANS","Dry Beans",2008,2008,12,73205,"HURON"
"34",43,24.1898004767224,"POTATOES","Potatoes",2008,2008,12,635,"HURON"
"35",50,13.008090792207,"CUCUMBERS","Row Crops",2008,2008,12,16,"HURON"
"38",1,115143.145848749,"CORN","Corn",2008,2008,11,126079,"HURON"
"39",5,36739.5504260582,"SOYBEANS","Soy",2008,2008,11,31935,"HURON"
"40",21,64.0131900323547,"BARLEY","Row Crops",2008,2008,11,614,"HURON"
"41",24,64269.1187624851,"WHEAT","Winter Wheat",2008,2008,11,59101,"HURON"
"42",27,56.669909333075,"RYE","Rye",2008,2008,11,266,"HURON"
"43",28,833.47553568736,"OATS","Row Crops",2008,2008,11,1458,"HURON"
"44",36,19701.1581529296,"ALFALFA","Alfalfa",2008,2008,11,13479,"HURON"
"45",41,46393.3661109928,"SUGARBEETS","Sugarbeets",2008,2008,11,53239,"HURON"
"46",42,77945.9296787635,"DRY BEANS","Dry Beans",2008,2008,11,73205,"HURON"
"47",43,24.1898004767224,"POTATOES","Potatoes",2008,2008,11,635,"HURON"
"48",50,12.5831482571167,"CUCUMBERS","Row Crops",2008,2008,11,16,"HURON"
"52",1,115865.939568379,"CORN","Corn",2008,2008,10,126079,"HURON"
"53",5,36957.1208091035,"SOYBEANS","Soy",2008,2008,10,31935,"HURON"
"54",21,64.0131900323547,"BARLEY","Row Crops",2008,2008,10,614,"HURON"
"55",24,64965.6404713245,"WHEAT","Winter Wheat",2008,2008,10,59101,"HURON"
"56",27,56.669909333075,"RYE","Rye",2008,2008,10,266,"HURON"
"57",28,837.090037228735,"OATS","Row Crops",2008,2008,10,1458,"HURON"
"58",36,19885.3991507616,"ALFALFA","Alfalfa",2008,2008,10,13479,"HURON"
"59",41,46473.7681916935,"SUGARBEETS","Sugarbeets",2008,2008,10,53239,"HURON"
"60",42,78254.2457821333,"DRY BEANS","Dry Beans",2008,2008,10,73205,"HURON"
"61",43,24.1898004767224,"POTATOES","Potatoes",2008,2008,10,635,"HURON"
"62",50,12.4142208601782,"CUCUMBERS","Row Crops",2008,2008,10,16,"HURON"
"66",1,116447.632189656,"CORN","Corn",2008,2008,9,126079,"HURON"
"67",5,37138.9825814793,"SOYBEANS","Soy",2008,2008,9,31935,"HURON"
"68",21,64.0131900323547,"BARLEY","Row Crops",2008,2008,9,614,"HURON"
"69",24,65324.3608037398,"WHEAT","Winter Wheat",2008,2008,9,59101,"HURON"
"70",27,56.669909333075,"RYE","Rye",2008,2008,9,266,"HURON"
"71",28,839.044761029594,"OATS","Row Crops",2008,2008,9,1458,"HURON"
"72",36,19961.1868287083,"ALFALFA","Alfalfa",2008,2008,9,13479,"HURON"
"73",41,46561.5510982127,"SUGARBEETS","Sugarbeets",2008,2008,9,53239,"HURON"
"74",42,78445.2679372699,"DRY BEANS","Dry Beans",2008,2008,9,73205,"HURON"
"75",43,24.1898004767224,"POTATOES","Potatoes",2008,2008,9,635,"HURON"
"76",50,12.4142208601782,"CUCUMBERS","Row Crops",2008,2008,9,16,"HURON"
"80",1,116849.702017448,"CORN","Corn",2008,2008,8,126079,"HURON"
"81",5,37239.5913873572,"SOYBEANS","Soy",2008,2008,8,31935,"HURON"
"82",21,64.0131900323547,"BARLEY","Row Crops",2008,2008,8,614,"HURON"
"83",24,65609.8868449107,"WHEAT","Winter Wheat",2008,2008,8,59101,"HURON"
"84",27,56.669909333075,"RYE","Rye",2008,2008,8,266,"HURON"
"85",28,853.929576832883,"OATS","Row Crops",2008,2008,8,1458,"HURON"
"86",36,20171.7264414177,"ALFALFA","Alfalfa",2008,2008,8,13479,"HURON"
"87",41,46608.3257364454,"SUGARBEETS","Sugarbeets",2008,2008,8,53239,"HURON"
"88",42,78602.6706684234,"DRY BEANS","Dry Beans",2008,2008,8,73205,"HURON"
"89",43,24.1898004767224,"POTATOES","Potatoes",2008,2008,8,635,"HURON"
"90",50,12.4142208601782,"CUCUMBERS","Row Crops",2008,2008,8,16,"HURON"
"94",1,117251.857167532,"CORN","Corn",2008,2008,7,126079,"HURON"
"95",5,37381.1646078648,"SOYBEANS","Soy",2008,2008,7,31935,"HURON"
"96",21,63.849599041637,"BARLEY","Row Crops",2008,2008,7,614,"HURON"
"97",24,65810.6482919682,"WHEAT","Winter Wheat",2008,2008,7,59101,"HURON"
"98",27,56.669909333075,"RYE","Rye",2008,2008,7,266,"HURON"
"99",28,854.964159919965,"OATS","Row Crops",2008,2008,7,1458,"HURON"
"100",36,20295.2439503,"ALFALFA","Alfalfa",2008,2008,7,13479,"HURON"
"101",41,46647.021780626,"SUGARBEETS","Sugarbeets",2008,2008,7,53239,"HURON"
"102",42,78712.6189404384,"DRY BEANS","Dry Beans",2008,2008,7,73205,"HURON"
"103",43,24.1898004767224,"POTATOES","Potatoes",2008,2008,7,635,"HURON"
"104",50,12.4142208601782,"CUCUMBERS","Row Crops",2008,2008,7,16,"HURON"
"108",1,117621.079308971,"CORN","Corn",2008,2008,6,126079,"HURON"
"109",5,37509.684531482,"SOYBEANS","Soy",2008,2008,6,31935,"HURON"
"110",21,63.849599041637,"BARLEY","Row Crops",2008,2008,6,614,"HURON"
"111",24,66043.4458779001,"WHEAT","Winter Wheat",2008,2008,6,59101,"HURON"
"112",27,56.669909333075,"RYE","Rye",2008,2008,6,266,"HURON"
"113",28,856.751054722501,"OATS","Row Crops",2008,2008,6,1458,"HURON"
"115",36,20407.4033938084,"ALFALFA","Alfalfa",2008,2008,6,13479,"HURON"
"116",41,46691.1291097545,"SUGARBEETS","Sugarbeets",2008,2008,6,53239,"HURON"
"117",42,78818.9460802813,"DRY BEANS","Dry Beans",2008,2008,6,73205,"HURON"
"118",43,24.1898004767224,"POTATOES","Potatoes",2008,2008,6,635,"HURON"
"119",50,12.4142208601782,"CUCUMBERS","Row Crops",2008,2008,6,16,"HURON"
"123",1,118034.178780951,"CORN","Corn",2008,2008,5,126079,"HURON"
"124",5,37617.4530390129,"SOYBEANS","Soy",2008,2008,5,31935,"HURON"
"125",21,63.849599041637,"BARLEY","Row Crops",2008,2008,5,614,"HURON"
"126",24,66270.3069536471,"WHEAT","Winter Wheat",2008,2008,5,59101,"HURON"
"127",27,56.669909333075,"RYE","Rye",2008,2008,5,266,"HURON"
"128",28,857.214174738778,"OATS","Row Crops",2008,2008,5,1458,"HURON"
"130",36,20573.8571741367,"ALFALFA","Alfalfa",2008,2008,5,13479,"HURON"
"131",41,46790.249497789,"SUGARBEETS","Sugarbeets",2008,2008,5,53239,"HURON"
"132",42,79037.7286063779,"DRY BEANS","Dry Beans",2008,2008,5,73205,"HURON"
"133",43,24.1898004767224,"POTATOES","Potatoes",2008,2008,5,635,"HURON"
"134",50,12.4142208601782,"CUCUMBERS","Row Crops",2008,2008,5,16,"HURON"
"138",1,118368.850354282,"CORN","Corn",2008,2008,4,126079,"HURON"
"139",5,37809.4166908646,"SOYBEANS","Soy",2008,2008,4,31935,"HURON"
"140",21,63.849599041637,"BARLEY","Row Crops",2008,2008,4,614,"HURON"
"141",24,66799.3466017568,"WHEAT","Winter Wheat",2008,2008,4,59101,"HURON"
"142",27,56.669909333075,"RYE","Rye",2008,2008,4,266,"HURON"
"143",28,859.207568059001,"OATS","Row Crops",2008,2008,4,1458,"HURON"
"145",36,20765.2227201,"ALFALFA","Alfalfa",2008,2008,4,13479,"HURON"
"146",41,46877.9808132968,"SUGARBEETS","Sugarbeets",2008,2008,4,53239,"HURON"
"147",42,79214.9772762571,"DRY BEANS","Dry Beans",2008,2008,4,73205,"HURON"
"148",43,24.1898004767224,"POTATOES","Potatoes",2008,2008,4,635,"HURON"
"149",50,12.4142208601782,"CUCUMBERS","Row Crops",2008,2008,4,16,"HURON"
"153",1,118896.883185798,"CORN","Corn",2008,2008,3,126079,"HURON"
"154",5,37945.4938923341,"SOYBEANS","Soy",2008,2008,3,31935,"HURON"
"155",21,63.849599041637,"BARLEY","Row Crops",2008,2008,3,614,"HURON"
"156",24,67138.0349014914,"WHEAT","Winter Wheat",2008,2008,3,59101,"HURON"
"157",27,56.669909333075,"RYE","Rye",2008,2008,3,266,"HURON"
"158",28,860.351934178453,"OATS","Row Crops",2008,2008,3,1458,"HURON"
"160",36,21062.122133038,"ALFALFA","Alfalfa",2008,2008,3,13479,"HURON"
"162",41,47004.4050164239,"SUGARBEETS","Sugarbeets",2008,2008,3,53239,"HURON"
"163",42,79504.2607038763,"DRY BEANS","Dry Beans",2008,2008,3,73205,"HURON"
"164",43,24.1898004767224,"POTATOES","Potatoes",2008,2008,3,635,"HURON"
"165",50,12.4142208601782,"CUCUMBERS","Row Crops",2008,2008,3,16,"HURON"
"169",1,119115.142970316,"CORN","Corn",2008,2008,2,126079,"HURON"
"170",5,37967.6478386349,"SOYBEANS","Soy",2008,2008,2,31935,"HURON"
"171",21,63.849599041637,"BARLEY","Row Crops",2008,2008,2,614,"HURON"
"172",24,67632.7656139249,"WHEAT","Winter Wheat",2008,2008,2,59101,"HURON"
"173",27,56.669909333075,"RYE","Rye",2008,2008,2,266,"HURON"
"174",28,861.38600067371,"OATS","Row Crops",2008,2008,2,1458,"HURON"
"176",36,21171.8239649319,"ALFALFA","Alfalfa",2008,2008,2,13479,"HURON"
"178",41,47051.9189981255,"SUGARBEETS","Sugarbeets",2008,2008,2,53239,"HURON"
"179",42,79626.1615316141,"DRY BEANS","Dry Beans",2008,2008,2,73205,"HURON"
"180",43,24.1898004767224,"POTATOES","Potatoes",2008,2008,2,635,"HURON"
"181",50,12.4142208601782,"CUCUMBERS","Row Crops",2008,2008,2,16,"HURON"
"185",1,119238.935296276,"CORN","Corn",2008,2008,1,126079,"HURON"
"186",5,37976.8178167435,"SOYBEANS","Soy",2008,2008,1,31935,"HURON"
"187",21,63.849599041637,"BARLEY","Row Crops",2008,2008,1,614,"HURON"
"188",24,67960.3169958586,"WHEAT","Winter Wheat",2008,2008,1,59101,"HURON"
"189",27,56.669909333075,"RYE","Rye",2008,2008,1,266,"HURON"
"190",28,861.359649423054,"OATS","Row Crops",2008,2008,1,1458,"HURON"
"192",36,21247.1041900777,"ALFALFA","Alfalfa",2008,2008,1,13479,"HURON"
"194",41,47059.11626553,"SUGARBEETS","Sugarbeets",2008,2008,1,53239,"HURON"
"195",42,79640.0599236228,"DRY BEANS","Dry Beans",2008,2008,1,73205,"HURON"
"196",43,24.1898004767224,"POTATOES","Potatoes",2008,2008,1,635,"HURON"
"197",50,12.4142208601782,"CUCUMBERS","Row Crops",2008,2008,1,16,"HURON"
"709",1,109722.673573525,"CORN","Corn",2012,2012,14,130915,"HURON"
"710",5,40215.6059436529,"SOYBEANS","Soy",2012,2012,14,47931,"HURON"
"711",21,52.62537625703,"BARLEY","Row Crops",2012,2012,14,226,"HURON"
"712",24,50578.1066327517,"WHEAT","Winter Wheat",2012,2012,14,55212,"HURON"
"713",27,17.7089350498938,"RYE","Rye",2012,2012,14,685,"HURON"
"714",28,314.534679146089,"OATS","Row Crops",2012,2012,14,805,"HURON"
"715",36,12666.8759006164,"ALFALFA","Alfalfa",2012,2012,14,9565,"HURON"
"717",41,50237.8131457542,"SUGARBEETS","Sugarbeets",2012,2012,14,55896,"HURON"
"718",42,66621.1108180472,"DRY BEANS","Dry Beans",2012,2012,14,69232,"HURON"
"719",43,181.474229568535,"POTATOES","Potatoes",2012,2012,14,4,"HURON"
"722",1,116730.085021415,"CORN","Corn",2012,2012,13,130915,"HURON"
"723",5,42359.1473262679,"SOYBEANS","Soy",2012,2012,13,47931,"HURON"
"724",21,56.0113987600793,"BARLEY","Row Crops",2012,2012,13,226,"HURON"
"725",24,53991.4430373747,"WHEAT","Winter Wheat",2012,2012,13,55212,"HURON"
"726",27,32.2742983837158,"RYE","Rye",2012,2012,13,685,"HURON"
"727",28,369.786623311807,"OATS","Row Crops",2012,2012,13,805,"HURON"
"728",36,17024.7729593713,"ALFALFA","Alfalfa",2012,2012,13,9565,"HURON"
"730",41,52838.2298273206,"SUGARBEETS","Sugarbeets",2012,2012,13,55896,"HURON"
"731",42,69774.7738537172,"DRY BEANS","Dry Beans",2012,2012,13,69232,"HURON"
"732",43,209.382157264336,"POTATOES","Potatoes",2012,2012,13,4,"HURON"
"735",1,118422.312045828,"CORN","Corn",2012,2012,12,130915,"HURON"
"736",5,42868.0031783846,"SOYBEANS","Soy",2012,2012,12,47931,"HURON"
"737",21,56.9547459876135,"BARLEY","Row Crops",2012,2012,12,226,"HURON"
"738",24,54683.2605943932,"WHEAT","Winter Wheat",2012,2012,12,55212,"HURON"
"739",27,32.3798284470471,"RYE","Rye",2012,2012,12,685,"HURON"
"740",28,373.943532574841,"OATS","Row Crops",2012,2012,12,805,"HURON"
"741",36,17659.6735222668,"ALFALFA","Alfalfa",2012,2012,12,9565,"HURON"
"743",41,53301.6448511324,"SUGARBEETS","Sugarbeets",2012,2012,12,55896,"HURON"
"744",42,70416.9529687122,"DRY BEANS","Dry Beans",2012,2012,12,69232,"HURON"
"745",43,229.196736459092,"POTATOES","Potatoes",2012,2012,12,4,"HURON"
"748",1,119919.891615509,"CORN","Corn",2012,2012,11,130915,"HURON"
"749",5,43270.8706486283,"SOYBEANS","Soy",2012,2012,11,47931,"HURON"
"750",21,59.4075711492664,"BARLEY","Row Crops",2012,2012,11,226,"HURON"
"751",24,55258.1932002018,"WHEAT","Winter Wheat",2012,2012,11,55212,"HURON"
"752",27,32.8251476127551,"RYE","Rye",2012,2012,11,685,"HURON"
"753",28,374.943123337642,"OATS","Row Crops",2012,2012,11,805,"HURON"
"754",36,17878.2488290423,"ALFALFA","Alfalfa",2012,2012,11,9565,"HURON"
"756",41,53540.0358847293,"SUGARBEETS","Sugarbeets",2012,2012,11,55896,"HURON"
"757",42,70831.4797562733,"DRY BEANS","Dry Beans",2012,2012,11,69232,"HURON"
"758",43,232.6993407604,"POTATOES","Potatoes",2012,2012,11,4,"HURON"
"761",1,120910.039020144,"CORN","Corn",2012,2012,10,130915,"HURON"
"762",5,43520.4344903986,"SOYBEANS","Soy",2012,2012,10,47931,"HURON"
"763",21,61.0134193094446,"BARLEY","Row Crops",2012,2012,10,226,"HURON"
"764",24,55550.9630089188,"WHEAT","Winter Wheat",2012,2012,10,55212,"HURON"
"765",27,32.8251476127551,"RYE","Rye",2012,2012,10,685,"HURON"
"766",28,401.873243155544,"OATS","Row Crops",2012,2012,10,805,"HURON"
"767",36,18100.4242761307,"ALFALFA","Alfalfa",2012,2012,10,9565,"HURON"
"769",41,53672.149098735,"SUGARBEETS","Sugarbeets",2012,2012,10,55896,"HURON"
"770",42,71180.8429381949,"DRY BEANS","Dry Beans",2012,2012,10,69232,"HURON"
"771",43,233.056504252105,"POTATOES","Potatoes",2012,2012,10,4,"HURON"
"774",1,121603.619402334,"CORN","Corn",2012,2012,9,130915,"HURON"
"775",5,43684.255313682,"SOYBEANS","Soy",2012,2012,9,47931,"HURON"
"776",21,61.1174709054334,"BARLEY","Row Crops",2012,2012,9,226,"HURON"
"777",24,55791.4084241371,"WHEAT","Winter Wheat",2012,2012,9,55212,"HURON"
"778",27,32.8251476127551,"RYE","Rye",2012,2012,9,685,"HURON"
"779",28,424.043539168297,"OATS","Row Crops",2012,2012,9,805,"HURON"
"780",36,18274.279192185,"ALFALFA","Alfalfa",2012,2012,9,9565,"HURON"
"782",41,53768.3742153394,"SUGARBEETS","Sugarbeets",2012,2012,9,55896,"HURON"
"783",42,71394.6440623499,"DRY BEANS","Dry Beans",2012,2012,9,69232,"HURON"
"784",43,233.790515477438,"POTATOES","Potatoes",2012,2012,9,4,"HURON"
"787",1,122058.169903661,"CORN","Corn",2012,2012,8,130915,"HURON"
"788",5,43804.1661138193,"SOYBEANS","Soy",2012,2012,8,47931,"HURON"
"789",21,61.1505138391223,"BARLEY","Row Crops",2012,2012,8,226,"HURON"
"790",24,55900.5507284455,"WHEAT","Winter Wheat",2012,2012,8,55212,"HURON"
"791",27,32.8255398678113,"RYE","Rye",2012,2012,8,685,"HURON"
"792",28,424.245358074718,"OATS","Row Crops",2012,2012,8,805,"HURON"
"793",36,18476.0804199203,"ALFALFA","Alfalfa",2012,2012,8,9565,"HURON"
"795",41,53916.679410509,"SUGARBEETS","Sugarbeets",2012,2012,8,55896,"HURON"
"796",42,71545.9617239857,"DRY BEANS","Dry Beans",2012,2012,8,69232,"HURON"
"797",43,235.596840237823,"POTATOES","Potatoes",2012,2012,8,4,"HURON"
"800",1,122428.919385541,"CORN","Corn",2012,2012,7,130915,"HURON"
"801",5,43923.0235545093,"SOYBEANS","Soy",2012,2012,7,47931,"HURON"
"802",21,61.1505138391223,"BARLEY","Row Crops",2012,2012,7,226,"HURON"
"803",24,56107.5404158238,"WHEAT","Winter Wheat",2012,2012,7,55212,"HURON"
"804",27,32.8255398678113,"RYE","Rye",2012,2012,7,685,"HURON"
"805",28,425.974661847535,"OATS","Row Crops",2012,2012,7,805,"HURON"
"806",36,18574.3699786859,"ALFALFA","Alfalfa",2012,2012,7,9565,"HURON"
"808",41,53985.2901289075,"SUGARBEETS","Sugarbeets",2012,2012,7,55896,"HURON"
"809",42,71692.761142427,"DRY BEANS","Dry Beans",2012,2012,7,69232,"HURON"
"810",43,239.69492475599,"POTATOES","Potatoes",2012,2012,7,4,"HURON"
"813",1,122797.472447723,"CORN","Corn",2012,2012,6,130915,"HURON"
"814",5,44042.6639753238,"SOYBEANS","Soy",2012,2012,6,47931,"HURON"
"815",21,61.1505138391223,"BARLEY","Row Crops",2012,2012,6,226,"HURON"
"816",24,56300.6003000214,"WHEAT","Winter Wheat",2012,2012,6,55212,"HURON"
"817",27,32.8255398678113,"RYE","Rye",2012,2012,6,685,"HURON"
"818",28,427.381511030251,"OATS","Row Crops",2012,2012,6,805,"HURON"
"819",36,18692.7921857862,"ALFALFA","Alfalfa",2012,2012,6,9565,"HURON"
"821",41,54054.7021104254,"SUGARBEETS","Sugarbeets",2012,2012,6,55896,"HURON"
"822",42,71882.1874678944,"DRY BEANS","Dry Beans",2012,2012,6,69232,"HURON"
"823",43,240.579495742665,"POTATOES","Potatoes",2012,2012,6,4,"HURON"
"826",1,123171.872492065,"CORN","Corn",2012,2012,5,130915,"HURON"
"827",5,44167.0778570506,"SOYBEANS","Soy",2012,2012,5,47931,"HURON"
"828",21,61.7107678386121,"BARLEY","Row Crops",2012,2012,5,226,"HURON"
"829",24,56524.8767255792,"WHEAT","Winter Wheat",2012,2012,5,55212,"HURON"
"830",27,32.8255398678113,"RYE","Rye",2012,2012,5,685,"HURON"
"831",28,427.692403869392,"OATS","Row Crops",2012,2012,5,805,"HURON"
"832",36,18821.9053522221,"ALFALFA","Alfalfa",2012,2012,5,9565,"HURON"
"834",41,54234.3720573489,"SUGARBEETS","Sugarbeets",2012,2012,5,55896,"HURON"
"835",42,71991.2103374759,"DRY BEANS","Dry Beans",2012,2012,5,69232,"HURON"
"836",43,240.406287987607,"POTATOES","Potatoes",2012,2012,5,4,"HURON"
"840",1,123640.500707979,"CORN","Corn",2012,2012,4,130915,"HURON"
"841",5,44342.1475247549,"SOYBEANS","Soy",2012,2012,4,47931,"HURON"
"842",21,61.7107678386121,"BARLEY","Row Crops",2012,2012,4,226,"HURON"
"843",24,56883.7624470119,"WHEAT","Winter Wheat",2012,2012,4,55212,"HURON"
"844",27,32.8255398678113,"RYE","Rye",2012,2012,4,685,"HURON"
"845",28,428.086826523848,"OATS","Row Crops",2012,2012,4,805,"HURON"
"846",36,18926.1380958429,"ALFALFA","Alfalfa",2012,2012,4,9565,"HURON"
"848",41,54347.642310166,"SUGARBEETS","Sugarbeets",2012,2012,4,55896,"HURON"
"849",42,72214.2162524662,"DRY BEANS","Dry Beans",2012,2012,4,69232,"HURON"
"850",43,239.649626958707,"POTATOES","Potatoes",2012,2012,4,4,"HURON"
"854",1,124360.069830248,"CORN","Corn",2012,2012,3,130915,"HURON"
"855",5,44428.3907683421,"SOYBEANS","Soy",2012,2012,3,47931,"HURON"
"856",21,61.7365528471948,"BARLEY","Row Crops",2012,2012,3,226,"HURON"
"857",24,57140.7027369328,"WHEAT","Winter Wheat",2012,2012,3,55212,"HURON"
"858",27,32.8255398678113,"RYE","Rye",2012,2012,3,685,"HURON"
"859",28,429.029375305416,"OATS","Row Crops",2012,2012,3,805,"HURON"
"860",36,19286.6810700326,"ALFALFA","Alfalfa",2012,2012,3,9565,"HURON"
"862",41,54513.2519647323,"SUGARBEETS","Sugarbeets",2012,2012,3,55896,"HURON"
"863",42,72417.8922542534,"DRY BEANS","Dry Beans",2012,2012,3,69232,"HURON"
"864",43,236.133917827412,"POTATOES","Potatoes",2012,2012,3,4,"HURON"
"868",1,124590.887830093,"CORN","Corn",2012,2012,2,130915,"HURON"
"869",5,44520.7754388823,"SOYBEANS","Soy",2012,2012,2,47931,"HURON"
"870",21,62.0708458541577,"BARLEY","Row Crops",2012,2012,2,226,"HURON"
"871",24,57463.9774281695,"WHEAT","Winter Wheat",2012,2012,2,55212,"HURON"
"872",27,33.0206666085718,"RYE","Rye",2012,2012,2,685,"HURON"
"873",28,429.029375305416,"OATS","Row Crops",2012,2012,2,805,"HURON"
"874",36,19441.0581237723,"ALFALFA","Alfalfa",2012,2012,2,9565,"HURON"
"876",41,54579.7461574373,"SUGARBEETS","Sugarbeets",2012,2012,2,55896,"HURON"
"877",42,72538.1957395882,"DRY BEANS","Dry Beans",2012,2012,2,69232,"HURON"
"878",43,240.201346786442,"POTATOES","Potatoes",2012,2012,2,4,"HURON"
"882",1,124828.758299362,"CORN","Corn",2012,2012,1,130915,"HURON"
"883",5,44531.8787102245,"SOYBEANS","Soy",2012,2012,1,47931,"HURON"
"884",21,62.0960938799268,"BARLEY","Row Crops",2012,2012,1,226,"HURON"
"885",24,57599.6063253049,"WHEAT","Winter Wheat",2012,2012,1,55212,"HURON"
"886",27,33.5173383680029,"RYE","Rye",2012,2012,1,685,"HURON"
"887",28,429.029375305416,"OATS","Row Crops",2012,2012,1,805,"HURON"
"888",36,19583.8051947435,"ALFALFA","Alfalfa",2012,2012,1,9565,"HURON"
"890",41,54619.1672664478,"SUGARBEETS","Sugarbeets",2012,2012,1,55896,"HURON"
"891",42,72600.7385516487,"DRY BEANS","Dry Beans",2012,2012,1,69232,"HURON"
"892",43,240.204540690961,"POTATOES","Potatoes",2012,2012,1,4,"HURON"
"1645",1,81749.3584958839,"CORN","Corn",2017,2017,14,120605,"HURON"
"1646",5,49177.2338372121,"SOYBEANS","Soy",2017,2017,14,66153,"HURON"
"1647",21,73.9833859507434,"BARLEY","Row Crops",2017,2017,14,166,"HURON"
"1648",24,61500.2399610977,"WHEAT","Winter Wheat",2017,2017,14,75200,"HURON"
"1649",27,263.853805676632,"RYE","Rye",2017,2017,14,1784,"HURON"
"1650",28,798.959368865829,"OATS","Row Crops",2017,2017,14,1008,"HURON"
"1651",36,18207.6850657778,"ALFALFA","Alfalfa",2017,2017,14,12116,"HURON"
"1652",37,138.184069918267,"OTHER HAY/NON ALFALFA","Row Crops",2017,2017,14,1194,"HURON"
"1653",41,44407.1410060825,"SUGARBEETS","Sugarbeets",2017,2017,14,58745,"HURON"
"1654",42,73518.3926172241,"DRY BEANS","Dry Beans",2017,2017,14,84921,"HURON"
"1655",43,135.563393074825,"POTATOES","Potatoes",2017,2017,14,6,"HURON"
"1660",1,88638.8481366666,"CORN","Corn",2017,2017,13,120605,"HURON"
"1661",5,52305.6968534128,"SOYBEANS","Soy",2017,2017,13,66153,"HURON"
"1662",21,76.2634279484009,"BARLEY","Row Crops",2017,2017,13,166,"HURON"
"1663",24,64624.9497963408,"WHEAT","Winter Wheat",2017,2017,13,75200,"HURON"
"1664",27,267.790569239955,"RYE","Rye",2017,2017,13,1784,"HURON"
"1665",28,873.783582607709,"OATS","Row Crops",2017,2017,13,1008,"HURON"
"1667",36,20244.9826768662,"ALFALFA","Alfalfa",2017,2017,13,12116,"HURON"
"1668",37,168.954031853124,"OTHER HAY/NON ALFALFA","Row Crops",2017,2017,13,1194,"HURON"
"1669",41,47197.0814165863,"SUGARBEETS","Sugarbeets",2017,2017,13,58745,"HURON"
"1670",42,77984.4235675864,"DRY BEANS","Dry Beans",2017,2017,13,84921,"HURON"
"1671",43,143.541947608831,"POTATOES","Potatoes",2017,2017,13,6,"HURON"
"1676",1,89801.5662944792,"CORN","Corn",2017,2017,12,120605,"HURON"
"1677",5,53171.1632570233,"SOYBEANS","Soy",2017,2017,12,66153,"HURON"
"1678",21,76.2634279484009,"BARLEY","Row Crops",2017,2017,12,166,"HURON"
"1679",24,65287.3314222145,"WHEAT","Winter Wheat",2017,2017,12,75200,"HURON"
"1680",27,272.048654728248,"RYE","Rye",2017,2017,12,1784,"HURON"
"1681",28,883.404072586073,"OATS","Row Crops",2017,2017,12,1008,"HURON"
"1683",36,20793.8935881634,"ALFALFA","Alfalfa",2017,2017,12,12116,"HURON"
"1684",37,225.697324554093,"OTHER HAY/NON ALFALFA","Row Crops",2017,2017,12,1194,"HURON"
"1685",41,47594.0014381466,"SUGARBEETS","Sugarbeets",2017,2017,12,58745,"HURON"
"1686",42,78883.9331800137,"DRY BEANS","Dry Beans",2017,2017,12,84921,"HURON"
"1687",43,144.686377857339,"POTATOES","Potatoes",2017,2017,12,6,"HURON"
"1693",1,90801.5855815098,"CORN","Corn",2017,2017,11,120605,"HURON"
"1694",5,53704.9697746884,"SOYBEANS","Soy",2017,2017,11,66153,"HURON"
"1695",21,76.2634279484009,"BARLEY","Row Crops",2017,2017,11,166,"HURON"
"1696",24,65707.1172156035,"WHEAT","Winter Wheat",2017,2017,11,75200,"HURON"
"1697",27,284.04565864396,"RYE","Rye",2017,2017,11,1784,"HURON"
"1698",28,908.67479636105,"OATS","Row Crops",2017,2017,11,1008,"HURON"
"1700",36,21042.6114197546,"ALFALFA","Alfalfa",2017,2017,11,12116,"HURON"
"1701",37,247.606390704794,"OTHER HAY/NON ALFALFA","Row Crops",2017,2017,11,1194,"HURON"
"1702",41,47960.2933765828,"SUGARBEETS","Sugarbeets",2017,2017,11,58745,"HURON"
"1703",42,79428.0300045507,"DRY BEANS","Dry Beans",2017,2017,11,84921,"HURON"
"1704",43,144.511706475718,"POTATOES","Potatoes",2017,2017,11,6,"HURON"
"1710",1,91595.8851810501,"CORN","Corn",2017,2017,10,120605,"HURON"
"1711",5,54109.5672178068,"SOYBEANS","Soy",2017,2017,10,66153,"HURON"
"1712",21,76.2634279484009,"BARLEY","Row Crops",2017,2017,10,166,"HURON"
"1713",24,65956.8682003788,"WHEAT","Winter Wheat",2017,2017,10,75200,"HURON"
"1714",27,300.015111620237,"RYE","Rye",2017,2017,10,1784,"HURON"
"1715",28,916.63490845228,"OATS","Row Crops",2017,2017,10,1008,"HURON"
"1717",36,21177.7207506954,"ALFALFA","Alfalfa",2017,2017,10,12116,"HURON"
"1718",37,252.228180788215,"OTHER HAY/NON ALFALFA","Row Crops",2017,2017,10,1194,"HURON"
"1719",41,48157.833226771,"SUGARBEETS","Sugarbeets",2017,2017,10,58745,"HURON"
"1720",42,79735.0962292329,"DRY BEANS","Dry Beans",2017,2017,10,84921,"HURON"
"1721",43,156.31409300309,"POTATOES","Potatoes",2017,2017,10,6,"HURON"
"1727",1,92102.2120780676,"CORN","Corn",2017,2017,9,120605,"HURON"
"1728",5,54332.0649882108,"SOYBEANS","Soy",2017,2017,9,66153,"HURON"
"1729",21,76.2634279484009,"BARLEY","Row Crops",2017,2017,9,166,"HURON"
"1730",24,66148.5775405846,"WHEAT","Winter Wheat",2017,2017,9,75200,"HURON"
"1731",27,291.155125648215,"RYE","Rye",2017,2017,9,1784,"HURON"
"1732",28,919.391470603568,"OATS","Row Crops",2017,2017,9,1008,"HURON"
"1734",36,21283.1369461002,"ALFALFA","Alfalfa",2017,2017,9,12116,"HURON"
"1735",37,254.048396819208,"OTHER HAY/NON ALFALFA","Row Crops",2017,2017,9,1194,"HURON"
"1736",41,48303.0174511621,"SUGARBEETS","Sugarbeets",2017,2017,9,58745,"HURON"
"1737",42,79970.1911740588,"DRY BEANS","Dry Beans",2017,2017,9,84921,"HURON"
"1738",43,156.626062160664,"POTATOES","Potatoes",2017,2017,9,6,"HURON"
"1744",1,92422.3334276501,"CORN","Corn",2017,2017,8,120605,"HURON"
"1745",5,54514.6670181509,"SOYBEANS","Soy",2017,2017,8,66153,"HURON"
"1746",21,76.3511738117932,"BARLEY","Row Crops",2017,2017,8,166,"HURON"
"1747",24,66254.987774129,"WHEAT","Winter Wheat",2017,2017,8,75200,"HURON"
"1748",27,302.812870446273,"RYE","Rye",2017,2017,8,1784,"HURON"
"1749",28,921.673446487427,"OATS","Row Crops",2017,2017,8,1008,"HURON"
"1751",36,21369.8847384013,"ALFALFA","Alfalfa",2017,2017,8,12116,"HURON"
"1752",37,254.077226660909,"OTHER HAY/NON ALFALFA","Row Crops",2017,2017,8,1194,"HURON"
"1753",41,48362.7893403254,"SUGARBEETS","Sugarbeets",2017,2017,8,58745,"HURON"
"1754",42,80082.1609041514,"DRY BEANS","Dry Beans",2017,2017,8,84921,"HURON"
"1755",43,156.891429945555,"POTATOES","Potatoes",2017,2017,8,6,"HURON"
"1761",1,92671.5769024331,"CORN","Corn",2017,2017,7,120605,"HURON"
"1762",5,54671.305352972,"SOYBEANS","Soy",2017,2017,7,66153,"HURON"
"1763",21,76.3511738117932,"BARLEY","Row Crops",2017,2017,7,166,"HURON"
"1764",24,66346.9972829324,"WHEAT","Winter Wheat",2017,2017,7,75200,"HURON"
"1765",27,292.425732379139,"RYE","Rye",2017,2017,7,1784,"HURON"
"1766",28,923.70893163474,"OATS","Row Crops",2017,2017,7,1008,"HURON"
"1768",36,21409.9061251215,"ALFALFA","Alfalfa",2017,2017,7,12116,"HURON"
"1769",37,254.134177485975,"OTHER HAY/NON ALFALFA","Row Crops",2017,2017,7,1194,"HURON"
"1770",41,48416.6641162024,"SUGARBEETS","Sugarbeets",2017,2017,7,58745,"HURON"
"1771",42,80238.0040870565,"DRY BEANS","Dry Beans",2017,2017,7,84921,"HURON"
"1772",43,157.906280286703,"POTATOES","Potatoes",2017,2017,7,6,"HURON"
"1777",1,92834.6439291992,"CORN","Corn",2017,2017,6,120605,"HURON"
"1778",5,54836.2187371374,"SOYBEANS","Soy",2017,2017,6,66153,"HURON"
"1779",21,76.3511738117932,"BARLEY","Row Crops",2017,2017,6,166,"HURON"
"1780",24,66447.5173398068,"WHEAT","Winter Wheat",2017,2017,6,75200,"HURON"
"1781",27,294.58137649536,"RYE","Rye",2017,2017,6,1784,"HURON"
"1782",28,925.925455883366,"OATS","Row Crops",2017,2017,6,1008,"HURON"
"1784",36,21523.0646760418,"ALFALFA","Alfalfa",2017,2017,6,12116,"HURON"
"1785",37,254.325744189345,"OTHER HAY/NON ALFALFA","Row Crops",2017,2017,6,1194,"HURON"
"1786",41,48456.4197655058,"SUGARBEETS","Sugarbeets",2017,2017,6,58745,"HURON"
"1787",42,80370.1950202903,"DRY BEANS","Dry Beans",2017,2017,6,84921,"HURON"
"1788",43,157.906280286703,"POTATOES","Potatoes",2017,2017,6,6,"HURON"
"1793",1,92999.5256735481,"CORN","Corn",2017,2017,5,120605,"HURON"
"1794",5,54965.4848592154,"SOYBEANS","Soy",2017,2017,5,66153,"HURON"
"1795",21,76.3511738117932,"BARLEY","Row Crops",2017,2017,5,166,"HURON"
"1796",24,66557.5772411436,"WHEAT","Winter Wheat",2017,2017,5,75200,"HURON"
"1797",27,299.381650411691,"RYE","Rye",2017,2017,5,1784,"HURON"
"1798",28,926.996641036602,"OATS","Row Crops",2017,2017,5,1008,"HURON"
"1800",36,21570.9972694195,"ALFALFA","Alfalfa",2017,2017,5,12116,"HURON"
"1801",37,254.909110891978,"OTHER HAY/NON ALFALFA","Row Crops",2017,2017,5,1194,"HURON"
"1802",41,48533.2447906648,"SUGARBEETS","Sugarbeets",2017,2017,5,58745,"HURON"
"1803",42,80527.3187904708,"DRY BEANS","Dry Beans",2017,2017,5,84921,"HURON"
"1804",43,157.906280286703,"POTATOES","Potatoes",2017,2017,5,6,"HURON"
"1809",1,93249.4378127719,"CORN","Corn",2017,2017,4,120605,"HURON"
"1810",5,55115.3479988037,"SOYBEANS","Soy",2017,2017,4,66153,"HURON"
"1811",21,76.3511738117932,"BARLEY","Row Crops",2017,2017,4,166,"HURON"
"1812",24,66717.8969248382,"WHEAT","Winter Wheat",2017,2017,4,75200,"HURON"
"1813",27,301.604212142515,"RYE","Rye",2017,2017,4,1784,"HURON"
"1814",28,929.539340506838,"OATS","Row Crops",2017,2017,4,1008,"HURON"
"1816",36,21620.6716423561,"ALFALFA","Alfalfa",2017,2017,4,12116,"HURON"
"1817",37,256.568283176982,"OTHER HAY/NON ALFALFA","Row Crops",2017,2017,4,1194,"HURON"
"1818",41,48659.823586927,"SUGARBEETS","Sugarbeets",2017,2017,4,58745,"HURON"
"1819",42,80748.3830775013,"DRY BEANS","Dry Beans",2017,2017,4,84921,"HURON"
"1820",43,157.906280286703,"POTATOES","Potatoes",2017,2017,4,6,"HURON"
"1825",1,93530.1665376851,"CORN","Corn",2017,2017,3,120605,"HURON"
"1826",5,55280.5943152696,"SOYBEANS","Soy",2017,2017,3,66153,"HURON"
"1827",21,76.4644240965234,"BARLEY","Row Crops",2017,2017,3,166,"HURON"
"1828",24,66936.5162803725,"WHEAT","Winter Wheat",2017,2017,3,75200,"HURON"
"1829",27,303.257505065977,"RYE","Rye",2017,2017,3,1784,"HURON"
"1830",28,953.881774532592,"OATS","Row Crops",2017,2017,3,1008,"HURON"
"1832",36,21712.8458386787,"ALFALFA","Alfalfa",2017,2017,3,12116,"HURON"
"1833",37,256.863102728733,"OTHER HAY/NON ALFALFA","Row Crops",2017,2017,3,1194,"HURON"
"1834",41,48803.0726436821,"SUGARBEETS","Sugarbeets",2017,2017,3,58745,"HURON"
"1835",42,80975.4473920433,"DRY BEANS","Dry Beans",2017,2017,3,84921,"HURON"
"1836",43,160.985817118962,"POTATOES","Potatoes",2017,2017,3,6,"HURON"
"1842",1,93646.3111997187,"CORN","Corn",2017,2017,2,120605,"HURON"
"1843",5,55384.7656228321,"SOYBEANS","Soy",2017,2017,2,66153,"HURON"
"1844",21,76.4644240965234,"BARLEY","Row Crops",2017,2017,2,166,"HURON"
"1845",24,67011.3957564087,"WHEAT","Winter Wheat",2017,2017,2,75200,"HURON"
"1846",27,303.387571219993,"RYE","Rye",2017,2017,2,1784,"HURON"
"1847",28,954.794620339972,"OATS","Row Crops",2017,2017,2,1008,"HURON"
"1849",36,21764.8433819417,"ALFALFA","Alfalfa",2017,2017,2,12116,"HURON"
"1850",37,257.058229469493,"OTHER HAY/NON ALFALFA","Row Crops",2017,2017,2,1194,"HURON"
"1851",41,48839.1614202662,"SUGARBEETS","Sugarbeets",2017,2017,2,58745,"HURON"
"1852",42,81117.7812385412,"DRY BEANS","Dry Beans",2017,2017,2,84921,"HURON"
"1853",43,149.064840461923,"POTATOES","Potatoes",2017,2017,2,6,"HURON"
"1859",1,93690.0790726367,"CORN","Corn",2017,2017,1,120605,"HURON"
"1860",5,55426.2063489396,"SOYBEANS","Soy",2017,2017,1,66153,"HURON"
"1861",21,76.4644240965234,"BARLEY","Row Crops",2017,2017,1,166,"HURON"
"1862",24,67064.8899230783,"WHEAT","Winter Wheat",2017,2017,1,75200,"HURON"
"1863",27,303.387571099336,"RYE","Rye",2017,2017,1,1784,"HURON"
"1864",28,954.794620339972,"OATS","Row Crops",2017,2017,1,1008,"HURON"
"1866",36,21779.9481207124,"ALFALFA","Alfalfa",2017,2017,1,12116,"HURON"
"1867",37,258.299521318628,"OTHER HAY/NON ALFALFA","Row Crops",2017,2017,1,1194,"HURON"
"1868",41,48850.3099037997,"SUGARBEETS","Sugarbeets",2017,2017,1,58745,"HURON"
"1869",42,81163.2870020705,"DRY BEANS","Dry Beans",2017,2017,1,84921,"HURON"
"1870",43,149.064840461923,"POTATOES","Potatoes",2017,2017,1,6,"HURON"
