"","OCEANA.Class","OCEANA.fieldacres","OCEANA.Commodity","OCEANA.Bin","OCEANA.Year","OCEANA.year","OCEANA.threshold","OCEANA.NASSacres","OCEANA.County"
"1",1,7855.64393657023,"CORN","Corn",2008,2008,14,19615,"OCEANA"
"2",5,712.418903873499,"SOYBEANS","Soy",2008,2008,14,1736,"OCEANA"
"3",24,635.880777332336,"WHEAT","Winter Wheat",2008,2008,14,1591,"OCEANA"
"4",27,62.6431698107898,"RYE","Rye",2008,2008,14,1159,"OCEANA"
"5",28,115.076144781792,"OATS","Row Crops",2008,2008,14,219,"OCEANA"
"6",36,3177.7023387951,"ALFALFA","Alfalfa",2008,2008,14,10201,"OCEANA"
"7",50,26.5292733383728,"CUCUMBERS","Row Crops",2008,2008,14,1067,"OCEANA"
"9",66,884.987166484113,"CHERRIES","Cherries",2008,2008,14,9988,"OCEANA"
"10",68,177.551214689719,"APPLES","Apples",2008,2008,14,3685,"OCEANA"
"11",206,129.99633255579,"CARROTS","Row Crops",2008,2008,14,1386,"OCEANA"
"12",207,235.300787845685,"ASPARAGUS","Row Crops",2008,2008,14,8670,"OCEANA"
"13",222,196.45903910072,"SQUASH","Row Crops",2008,2008,14,1976,"OCEANA"
"14",242,30.5626711850269,"BLUEBERRIES","Blueberries",2008,2008,14,89,"OCEANA"
"15",1,11771.6097368387,"CORN","Corn",2008,2008,13,19615,"OCEANA"
"16",5,1057.94248318185,"SOYBEANS","Soy",2008,2008,13,1736,"OCEANA"
"17",24,1075.52351023464,"WHEAT","Winter Wheat",2008,2008,13,1591,"OCEANA"
"18",27,163.686323778511,"RYE","Rye",2008,2008,13,1159,"OCEANA"
"19",28,124.933820509374,"OATS","Row Crops",2008,2008,13,219,"OCEANA"
"20",36,5762.3719445408,"ALFALFA","Alfalfa",2008,2008,13,10201,"OCEANA"
"21",42,14.6785782661279,"DRY BEANS","Dry Beans",2008,2008,13,895,"OCEANA"
"22",50,26.7912475318433,"CUCUMBERS","Row Crops",2008,2008,13,1067,"OCEANA"
"25",66,3010.19613603961,"CHERRIES","Cherries",2008,2008,13,9988,"OCEANA"
"26",67,11.3421140704468,"PEACHES","Tree Crops",2008,2008,13,1888,"OCEANA"
"27",68,407.504525154038,"APPLES","Apples",2008,2008,13,3685,"OCEANA"
"28",206,138.054992063594,"CARROTS","Row Crops",2008,2008,13,1386,"OCEANA"
"29",207,320.320187211738,"ASPARAGUS","Row Crops",2008,2008,13,8670,"OCEANA"
"30",222,228.493256003664,"SQUASH","Row Crops",2008,2008,13,1976,"OCEANA"
"31",242,66.7009168810053,"BLUEBERRIES","Blueberries",2008,2008,13,89,"OCEANA"
"32",1,12808.925381383,"CORN","Corn",2008,2008,12,19615,"OCEANA"
"33",5,1236.66564943945,"SOYBEANS","Soy",2008,2008,12,1736,"OCEANA"
"34",24,1226.27137307837,"WHEAT","Winter Wheat",2008,2008,12,1591,"OCEANA"
"35",27,191.639923247155,"RYE","Rye",2008,2008,12,1159,"OCEANA"
"36",28,142.495131527189,"OATS","Row Crops",2008,2008,12,219,"OCEANA"
"37",36,6716.14997258813,"ALFALFA","Alfalfa",2008,2008,12,10201,"OCEANA"
"38",42,14.6249108427167,"DRY BEANS","Dry Beans",2008,2008,12,895,"OCEANA"
"39",50,27.6103117129913,"CUCUMBERS","Row Crops",2008,2008,12,1067,"OCEANA"
"42",66,4062.82625102043,"CHERRIES","Cherries",2008,2008,12,9988,"OCEANA"
"43",67,11.5077895269751,"PEACHES","Tree Crops",2008,2008,12,1888,"OCEANA"
"44",68,481.932940121198,"APPLES","Apples",2008,2008,12,3685,"OCEANA"
"45",206,153.010567765153,"CARROTS","Row Crops",2008,2008,12,1386,"OCEANA"
"46",207,334.381237987028,"ASPARAGUS","Row Crops",2008,2008,12,8670,"OCEANA"
"47",222,234.660418314932,"SQUASH","Row Crops",2008,2008,12,1976,"OCEANA"
"48",229,11.1544173414655,"PUMPKINS","Pumpkins",2008,2008,12,444,"OCEANA"
"49",242,68.2375881291559,"BLUEBERRIES","Blueberries",2008,2008,12,89,"OCEANA"
"50",1,13312.7771881493,"CORN","Corn",2008,2008,11,19615,"OCEANA"
"51",5,1256.06224030105,"SOYBEANS","Soy",2008,2008,11,1736,"OCEANA"
"52",24,1433.03237850385,"WHEAT","Winter Wheat",2008,2008,11,1591,"OCEANA"
"53",27,216.087273585576,"RYE","Rye",2008,2008,11,1159,"OCEANA"
"54",28,142.799881822277,"OATS","Row Crops",2008,2008,11,219,"OCEANA"
"55",36,7020.02035253063,"ALFALFA","Alfalfa",2008,2008,11,10201,"OCEANA"
"56",42,14.6249108125525,"DRY BEANS","Dry Beans",2008,2008,11,895,"OCEANA"
"57",50,27.1662382074493,"CUCUMBERS","Row Crops",2008,2008,11,1067,"OCEANA"
"60",66,4501.10613964002,"CHERRIES","Cherries",2008,2008,11,9988,"OCEANA"
"61",67,11.5077895269751,"PEACHES","Tree Crops",2008,2008,11,1888,"OCEANA"
"62",68,484.470112819045,"APPLES","Apples",2008,2008,11,3685,"OCEANA"
"63",206,186.594781035274,"CARROTS","Row Crops",2008,2008,11,1386,"OCEANA"
"64",207,340.16965439286,"ASPARAGUS","Row Crops",2008,2008,11,8670,"OCEANA"
"65",222,236.563784363992,"SQUASH","Row Crops",2008,2008,11,1976,"OCEANA"
"66",229,11.1544173414655,"PUMPKINS","Pumpkins",2008,2008,11,444,"OCEANA"
"67",242,66.9525282895233,"BLUEBERRIES","Blueberries",2008,2008,11,89,"OCEANA"
"68",1,13745.2275492038,"CORN","Corn",2008,2008,10,19615,"OCEANA"
"69",5,1284.05852797287,"SOYBEANS","Soy",2008,2008,10,1736,"OCEANA"
"70",24,1432.74243224759,"WHEAT","Winter Wheat",2008,2008,10,1591,"OCEANA"
"71",27,218.881687022558,"RYE","Rye",2008,2008,10,1159,"OCEANA"
"72",28,146.952451183092,"OATS","Row Crops",2008,2008,10,219,"OCEANA"
"73",36,7245.1013804736,"ALFALFA","Alfalfa",2008,2008,10,10201,"OCEANA"
"75",42,14.6249108125525,"DRY BEANS","Dry Beans",2008,2008,10,895,"OCEANA"
"76",50,27.1662382074493,"CUCUMBERS","Row Crops",2008,2008,10,1067,"OCEANA"
"79",66,4934.35847580933,"CHERRIES","Cherries",2008,2008,10,9988,"OCEANA"
"80",67,11.5077895269751,"PEACHES","Tree Crops",2008,2008,10,1888,"OCEANA"
"81",68,500.373934291057,"APPLES","Apples",2008,2008,10,3685,"OCEANA"
"82",206,188.148259254276,"CARROTS","Row Crops",2008,2008,10,1386,"OCEANA"
"83",207,343.735622726516,"ASPARAGUS","Row Crops",2008,2008,10,8670,"OCEANA"
"84",222,238.734648211672,"SQUASH","Row Crops",2008,2008,10,1976,"OCEANA"
"85",229,11.1544173414655,"PUMPKINS","Pumpkins",2008,2008,10,444,"OCEANA"
"86",242,82.5242424513855,"BLUEBERRIES","Blueberries",2008,2008,10,89,"OCEANA"
"87",1,13960.2733029956,"CORN","Corn",2008,2008,9,19615,"OCEANA"
"88",5,1310.88445937005,"SOYBEANS","Soy",2008,2008,9,1736,"OCEANA"
"89",24,1468.94870065324,"WHEAT","Winter Wheat",2008,2008,9,1591,"OCEANA"
"90",27,218.884389160376,"RYE","Rye",2008,2008,9,1159,"OCEANA"
"91",28,146.952451183092,"OATS","Row Crops",2008,2008,9,219,"OCEANA"
"92",36,7364.8732395807,"ALFALFA","Alfalfa",2008,2008,9,10201,"OCEANA"
"94",42,14.6249108125525,"DRY BEANS","Dry Beans",2008,2008,9,895,"OCEANA"
"95",50,27.1662382074493,"CUCUMBERS","Row Crops",2008,2008,9,1067,"OCEANA"
"98",66,5164.03732223759,"CHERRIES","Cherries",2008,2008,9,9988,"OCEANA"
"99",67,11.5077895269751,"PEACHES","Tree Crops",2008,2008,9,1888,"OCEANA"
"100",68,509.204358638259,"APPLES","Apples",2008,2008,9,3685,"OCEANA"
"101",206,189.479246116082,"CARROTS","Row Crops",2008,2008,9,1386,"OCEANA"
"102",207,343.328919327596,"ASPARAGUS","Row Crops",2008,2008,9,8670,"OCEANA"
"103",222,239.127773052086,"SQUASH","Row Crops",2008,2008,9,1976,"OCEANA"
"104",229,11.1544173414655,"PUMPKINS","Pumpkins",2008,2008,9,444,"OCEANA"
"105",242,111.433003221928,"BLUEBERRIES","Blueberries",2008,2008,9,89,"OCEANA"
"106",1,14105.8753299085,"CORN","Corn",2008,2008,8,19615,"OCEANA"
"107",5,1315.86648148734,"SOYBEANS","Soy",2008,2008,8,1736,"OCEANA"
"108",24,1492.53120759284,"WHEAT","Winter Wheat",2008,2008,8,1591,"OCEANA"
"109",27,218.884389160376,"RYE","Rye",2008,2008,8,1159,"OCEANA"
"110",28,146.952451183092,"OATS","Row Crops",2008,2008,8,219,"OCEANA"
"111",36,7489.51347012098,"ALFALFA","Alfalfa",2008,2008,8,10201,"OCEANA"
"113",42,14.6362389720679,"DRY BEANS","Dry Beans",2008,2008,8,895,"OCEANA"
"114",50,27.1662382074493,"CUCUMBERS","Row Crops",2008,2008,8,1067,"OCEANA"
"117",66,5352.44965420766,"CHERRIES","Cherries",2008,2008,8,9988,"OCEANA"
"118",67,11.5077895269751,"PEACHES","Tree Crops",2008,2008,8,1888,"OCEANA"
"119",68,511.54005702533,"APPLES","Apples",2008,2008,8,3685,"OCEANA"
"120",206,178.613778979333,"CARROTS","Row Crops",2008,2008,8,1386,"OCEANA"
"121",207,343.826105989658,"ASPARAGUS","Row Crops",2008,2008,8,8670,"OCEANA"
"122",222,239.672115534708,"SQUASH","Row Crops",2008,2008,8,1976,"OCEANA"
"123",229,11.1544173414655,"PUMPKINS","Pumpkins",2008,2008,8,444,"OCEANA"
"124",242,112.290331545965,"BLUEBERRIES","Blueberries",2008,2008,8,89,"OCEANA"
"125",1,14327.7844431738,"CORN","Corn",2008,2008,7,19615,"OCEANA"
"126",5,1319.8316620955,"SOYBEANS","Soy",2008,2008,7,1736,"OCEANA"
"127",24,1546.75228685969,"WHEAT","Winter Wheat",2008,2008,7,1591,"OCEANA"
"128",27,219.226645934364,"RYE","Rye",2008,2008,7,1159,"OCEANA"
"129",28,146.952451183092,"OATS","Row Crops",2008,2008,7,219,"OCEANA"
"130",36,7547.18024611951,"ALFALFA","Alfalfa",2008,2008,7,10201,"OCEANA"
"132",42,14.6362389720679,"DRY BEANS","Dry Beans",2008,2008,7,895,"OCEANA"
"133",50,27.1662382074493,"CUCUMBERS","Row Crops",2008,2008,7,1067,"OCEANA"
"136",66,5544.6453581359,"CHERRIES","Cherries",2008,2008,7,9988,"OCEANA"
"137",67,11.5077895269751,"PEACHES","Tree Crops",2008,2008,7,1888,"OCEANA"
"138",68,511.788976159718,"APPLES","Apples",2008,2008,7,3685,"OCEANA"
"139",206,179.582224980251,"CARROTS","Row Crops",2008,2008,7,1386,"OCEANA"
"140",207,343.828367700217,"ASPARAGUS","Row Crops",2008,2008,7,8670,"OCEANA"
"141",222,239.411401208734,"SQUASH","Row Crops",2008,2008,7,1976,"OCEANA"
"142",229,11.1544173414655,"PUMPKINS","Pumpkins",2008,2008,7,444,"OCEANA"
"143",242,112.290331576129,"BLUEBERRIES","Blueberries",2008,2008,7,89,"OCEANA"
"144",1,14447.4373401062,"CORN","Corn",2008,2008,6,19615,"OCEANA"
"145",5,1321.61022826503,"SOYBEANS","Soy",2008,2008,6,1736,"OCEANA"
"146",24,1560.63097046495,"WHEAT","Winter Wheat",2008,2008,6,1591,"OCEANA"
"147",27,219.501886396537,"RYE","Rye",2008,2008,6,1159,"OCEANA"
"148",28,159.95422227699,"OATS","Row Crops",2008,2008,6,219,"OCEANA"
"149",36,7655.1322597597,"ALFALFA","Alfalfa",2008,2008,6,10201,"OCEANA"
"151",42,14.6751406349976,"DRY BEANS","Dry Beans",2008,2008,6,895,"OCEANA"
"152",50,27.1873246314941,"CUCUMBERS","Row Crops",2008,2008,6,1067,"OCEANA"
"155",66,5808.26275747567,"CHERRIES","Cherries",2008,2008,6,9988,"OCEANA"
"156",67,11.5077895269751,"PEACHES","Tree Crops",2008,2008,6,1888,"OCEANA"
"157",68,538.208449754762,"APPLES","Apples",2008,2008,6,3685,"OCEANA"
"158",206,179.881955080264,"CARROTS","Row Crops",2008,2008,6,1386,"OCEANA"
"159",207,344.182040170184,"ASPARAGUS","Row Crops",2008,2008,6,8670,"OCEANA"
"160",222,240.671160687737,"SQUASH","Row Crops",2008,2008,6,1976,"OCEANA"
"161",229,11.1544262097357,"PUMPKINS","Pumpkins",2008,2008,6,444,"OCEANA"
"162",242,96.3821137647095,"BLUEBERRIES","Blueberries",2008,2008,6,89,"OCEANA"
"163",1,14596.4175389009,"CORN","Corn",2008,2008,5,19615,"OCEANA"
"164",5,1361.10020811152,"SOYBEANS","Soy",2008,2008,5,1736,"OCEANA"
"165",24,1584.28983076823,"WHEAT","Winter Wheat",2008,2008,5,1591,"OCEANA"
"166",27,220.000691155952,"RYE","Rye",2008,2008,5,1159,"OCEANA"
"167",28,159.956232538906,"OATS","Row Crops",2008,2008,5,219,"OCEANA"
"168",36,7726.11784736323,"ALFALFA","Alfalfa",2008,2008,5,10201,"OCEANA"
"170",42,14.6774023455566,"DRY BEANS","Dry Beans",2008,2008,5,895,"OCEANA"
"171",50,27.1873246314941,"CUCUMBERS","Row Crops",2008,2008,5,1067,"OCEANA"
"174",66,6067.18070098502,"CHERRIES","Cherries",2008,2008,5,9988,"OCEANA"
"175",67,11.6751915814282,"PEACHES","Tree Crops",2008,2008,5,1888,"OCEANA"
"176",68,568.573484026081,"APPLES","Apples",2008,2008,5,3685,"OCEANA"
"177",206,180.840718227114,"CARROTS","Row Crops",2008,2008,5,1386,"OCEANA"
"178",207,345.02912458632,"ASPARAGUS","Row Crops",2008,2008,5,8670,"OCEANA"
"179",222,242.209468644543,"SQUASH","Row Crops",2008,2008,5,1976,"OCEANA"
"180",229,11.1544262097357,"PUMPKINS","Pumpkins",2008,2008,5,444,"OCEANA"
"181",242,96.2924106982013,"BLUEBERRIES","Blueberries",2008,2008,5,89,"OCEANA"
"182",1,14847.4312955015,"CORN","Corn",2008,2008,4,19615,"OCEANA"
"183",5,1367.91090438765,"SOYBEANS","Soy",2008,2008,4,1736,"OCEANA"
"184",24,1608.80775781782,"WHEAT","Winter Wheat",2008,2008,4,1591,"OCEANA"
"185",27,222.94632504041,"RYE","Rye",2008,2008,4,1159,"OCEANA"
"186",28,148.493928038308,"OATS","Row Crops",2008,2008,4,219,"OCEANA"
"187",36,7847.9870426145,"ALFALFA","Alfalfa",2008,2008,4,10201,"OCEANA"
"189",42,14.6774023455566,"DRY BEANS","Dry Beans",2008,2008,4,895,"OCEANA"
"190",50,27.1873246616583,"CUCUMBERS","Row Crops",2008,2008,4,1067,"OCEANA"
"193",66,6292.06471574929,"CHERRIES","Cherries",2008,2008,4,9988,"OCEANA"
"194",67,11.6751915814282,"PEACHES","Tree Crops",2008,2008,4,1888,"OCEANA"
"195",68,574.10911991993,"APPLES","Apples",2008,2008,4,3685,"OCEANA"
"196",206,181.670957032078,"CARROTS","Row Crops",2008,2008,4,1386,"OCEANA"
"197",207,345.077864660018,"ASPARAGUS","Row Crops",2008,2008,4,8670,"OCEANA"
"198",222,254.676943527983,"SQUASH","Row Crops",2008,2008,4,1976,"OCEANA"
"199",229,11.1544262097357,"PUMPKINS","Pumpkins",2008,2008,4,444,"OCEANA"
"200",242,97.1843467230017,"BLUEBERRIES","Blueberries",2008,2008,4,89,"OCEANA"
"201",1,15207.2724029593,"CORN","Corn",2008,2008,3,19615,"OCEANA"
"202",5,1357.68363079771,"SOYBEANS","Soy",2008,2008,3,1736,"OCEANA"
"203",24,1745.87726497723,"WHEAT","Winter Wheat",2008,2008,3,1591,"OCEANA"
"204",27,221.768254637523,"RYE","Rye",2008,2008,3,1159,"OCEANA"
"205",28,148.493928038308,"OATS","Row Crops",2008,2008,3,219,"OCEANA"
"207",36,7991.78923057947,"ALFALFA","Alfalfa",2008,2008,3,10201,"OCEANA"
"209",42,14.6774023455566,"DRY BEANS","Dry Beans",2008,2008,3,895,"OCEANA"
"210",50,26.6849696078839,"CUCUMBERS","Row Crops",2008,2008,3,1067,"OCEANA"
"213",66,6823.24181752401,"CHERRIES","Cherries",2008,2008,3,9988,"OCEANA"
"214",67,11.8880771842126,"PEACHES","Tree Crops",2008,2008,3,1888,"OCEANA"
"215",68,545.383528988369,"APPLES","Apples",2008,2008,3,3685,"OCEANA"
"216",206,160.339315963591,"CARROTS","Row Crops",2008,2008,3,1386,"OCEANA"
"217",207,346.055312166403,"ASPARAGUS","Row Crops",2008,2008,3,8670,"OCEANA"
"218",222,255.324820290828,"SQUASH","Row Crops",2008,2008,3,1976,"OCEANA"
"219",229,11.1544262097357,"PUMPKINS","Pumpkins",2008,2008,3,444,"OCEANA"
"220",242,111.939805321105,"BLUEBERRIES","Blueberries",2008,2008,3,89,"OCEANA"
"221",1,15449.5270947447,"CORN","Corn",2008,2008,2,19615,"OCEANA"
"222",5,1385.68041723433,"SOYBEANS","Soy",2008,2008,2,1736,"OCEANA"
"223",24,1798.68281426151,"WHEAT","Winter Wheat",2008,2008,2,1591,"OCEANA"
"224",27,237.353540359799,"RYE","Rye",2008,2008,2,1159,"OCEANA"
"225",28,148.493928038308,"OATS","Row Crops",2008,2008,2,219,"OCEANA"
"227",36,8099.81722170743,"ALFALFA","Alfalfa",2008,2008,2,10201,"OCEANA"
"229",42,14.6774023455566,"DRY BEANS","Dry Beans",2008,2008,2,895,"OCEANA"
"230",50,26.6852490488898,"CUCUMBERS","Row Crops",2008,2008,2,1067,"OCEANA"
"233",66,7549.37824011742,"CHERRIES","Cherries",2008,2008,2,9988,"OCEANA"
"234",67,11.8880771842126,"PEACHES","Tree Crops",2008,2008,2,1888,"OCEANA"
"235",68,603.609549753102,"APPLES","Apples",2008,2008,2,3685,"OCEANA"
"237",206,149.225628868088,"CARROTS","Row Crops",2008,2008,2,1386,"OCEANA"
"238",207,347.366991959247,"ASPARAGUS","Row Crops",2008,2008,2,8670,"OCEANA"
"239",222,277.948566225239,"SQUASH","Row Crops",2008,2008,2,1976,"OCEANA"
"240",229,11.1544262097357,"PUMPKINS","Pumpkins",2008,2008,2,444,"OCEANA"
"241",242,121.00311439694,"BLUEBERRIES","Blueberries",2008,2008,2,89,"OCEANA"
"242",1,15859.2711577009,"CORN","Corn",2008,2008,1,19615,"OCEANA"
"243",5,1398.11189843305,"SOYBEANS","Soy",2008,2008,1,1736,"OCEANA"
"244",24,1871.7074001746,"WHEAT","Winter Wheat",2008,2008,1,1591,"OCEANA"
"245",27,237.226859924352,"RYE","Rye",2008,2008,1,1159,"OCEANA"
"246",28,148.493928038308,"OATS","Row Crops",2008,2008,1,219,"OCEANA"
"248",36,8204.69322675971,"ALFALFA","Alfalfa",2008,2008,1,10201,"OCEANA"
"250",42,14.9449397497516,"DRY BEANS","Dry Beans",2008,2008,1,895,"OCEANA"
"251",50,26.6852490488898,"CUCUMBERS","Row Crops",2008,2008,1,1067,"OCEANA"
"254",66,8079.75594373375,"CHERRIES","Cherries",2008,2008,1,9988,"OCEANA"
"255",67,11.8880771842126,"PEACHES","Tree Crops",2008,2008,1,1888,"OCEANA"
"256",68,618.128385918135,"APPLES","Apples",2008,2008,1,3685,"OCEANA"
"258",206,149.535897549921,"CARROTS","Row Crops",2008,2008,1,1386,"OCEANA"
"259",207,347.371701614041,"ASPARAGUS","Row Crops",2008,2008,1,8670,"OCEANA"
"260",222,261.386977697218,"SQUASH","Row Crops",2008,2008,1,1976,"OCEANA"
"261",229,11.1544262097357,"PUMPKINS","Pumpkins",2008,2008,1,444,"OCEANA"
"262",242,242.936042136066,"BLUEBERRIES","Blueberries",2008,2008,1,89,"OCEANA"
"1086",1,6571.44034064812,"CORN","Corn",2012,2012,14,29747,"OCEANA"
"1087",4,16.6298470914496,"SORGHUM","Row Crops",2012,2012,14,60,"OCEANA"
"1088",5,1666.22269632727,"SOYBEANS","Soy",2012,2012,14,4698,"OCEANA"
"1089",24,634.41835136349,"WHEAT","Winter Wheat",2012,2012,14,2507,"OCEANA"
"1090",27,42.1241364607282,"RYE","Rye",2012,2012,14,803,"OCEANA"
"1091",36,2891.28133631268,"ALFALFA","Alfalfa",2012,2012,14,9495,"OCEANA"
"1092",42,15.6912926512018,"DRY BEANS","Dry Beans",2012,2012,14,1020,"OCEANA"
"1094",66,316.782421153923,"CHERRIES","Cherries",2012,2012,14,9959,"OCEANA"
"1095",67,15.1742334925391,"PEACHES","Tree Crops",2012,2012,14,1285,"OCEANA"
"1096",68,187.404420054983,"APPLES","Apples",2012,2012,14,4299,"OCEANA"
"1097",206,138.617573260087,"CARROTS","Row Crops",2012,2012,14,1203,"OCEANA"
"1098",207,1337.29052320536,"ASPARAGUS","Row Crops",2012,2012,14,8535,"OCEANA"
"1100",222,393.839681878169,"SQUASH","Row Crops",2012,2012,14,2996,"OCEANA"
"1101",229,68.1489051852057,"PUMPKINS","Pumpkins",2012,2012,14,730,"OCEANA"
"1103",1,10011.0378723713,"CORN","Corn",2012,2012,13,29747,"OCEANA"
"1104",4,18.6028260456604,"SORGHUM","Row Crops",2012,2012,13,60,"OCEANA"
"1105",5,2168.69792997437,"SOYBEANS","Soy",2012,2012,13,4698,"OCEANA"
"1106",24,931.511555583239,"WHEAT","Winter Wheat",2012,2012,13,2507,"OCEANA"
"1107",27,97.1718309995398,"RYE","Rye",2012,2012,13,803,"OCEANA"
"1108",36,5849.55503462095,"ALFALFA","Alfalfa",2012,2012,13,9495,"OCEANA"
"1110",42,14.8735269477069,"DRY BEANS","Dry Beans",2012,2012,13,1020,"OCEANA"
"1113",66,1397.50935503106,"CHERRIES","Cherries",2012,2012,13,9959,"OCEANA"
"1114",67,72.2241151464661,"PEACHES","Tree Crops",2012,2012,13,1285,"OCEANA"
"1115",68,525.078154861934,"APPLES","Apples",2012,2012,13,4299,"OCEANA"
"1117",206,145.5974593314,"CARROTS","Row Crops",2012,2012,13,1203,"OCEANA"
"1118",207,2233.87911324933,"ASPARAGUS","Row Crops",2012,2012,13,8535,"OCEANA"
"1120",222,669.57410420108,"SQUASH","Row Crops",2012,2012,13,2996,"OCEANA"
"1121",229,115.162196141952,"PUMPKINS","Pumpkins",2012,2012,13,730,"OCEANA"
"1123",1,11009.1455480937,"CORN","Corn",2012,2012,12,29747,"OCEANA"
"1124",4,18.6028260456604,"SORGHUM","Row Crops",2012,2012,12,60,"OCEANA"
"1125",5,2312.53908768284,"SOYBEANS","Soy",2012,2012,12,4698,"OCEANA"
"1126",24,1084.65120231914,"WHEAT","Winter Wheat",2012,2012,12,2507,"OCEANA"
"1127",27,120.396972739538,"RYE","Rye",2012,2012,12,803,"OCEANA"
"1128",36,6964.85883482889,"ALFALFA","Alfalfa",2012,2012,12,9495,"OCEANA"
"1130",42,27.0269220252496,"DRY BEANS","Dry Beans",2012,2012,12,1020,"OCEANA"
"1133",66,1982.51533570415,"CHERRIES","Cherries",2012,2012,12,9959,"OCEANA"
"1134",67,106.621341632146,"PEACHES","Tree Crops",2012,2012,12,1285,"OCEANA"
"1135",68,771.950023480764,"APPLES","Apples",2012,2012,12,4299,"OCEANA"
"1137",206,147.389701972383,"CARROTS","Row Crops",2012,2012,12,1203,"OCEANA"
"1138",207,2439.96977475253,"ASPARAGUS","Row Crops",2012,2012,12,8535,"OCEANA"
"1140",222,707.594818802331,"SQUASH","Row Crops",2012,2012,12,2996,"OCEANA"
"1141",229,143.333926433271,"PUMPKINS","Pumpkins",2012,2012,12,730,"OCEANA"
"1143",1,11449.7561680848,"CORN","Corn",2012,2012,11,29747,"OCEANA"
"1144",4,20.5083632222327,"SORGHUM","Row Crops",2012,2012,11,60,"OCEANA"
"1145",5,2353.85929987945,"SOYBEANS","Soy",2012,2012,11,4698,"OCEANA"
"1146",24,1129.8789933859,"WHEAT","Winter Wheat",2012,2012,11,2507,"OCEANA"
"1147",27,133.553164218268,"RYE","Rye",2012,2012,11,803,"OCEANA"
"1148",36,7500.89154460504,"ALFALFA","Alfalfa",2012,2012,11,9495,"OCEANA"
"1150",42,27.1454399116956,"DRY BEANS","Dry Beans",2012,2012,11,1020,"OCEANA"
"1153",66,2186.20173767992,"CHERRIES","Cherries",2012,2012,11,9959,"OCEANA"
"1154",67,107.146230146227,"PEACHES","Tree Crops",2012,2012,11,1285,"OCEANA"
"1155",68,907.971937830779,"APPLES","Apples",2012,2012,11,4299,"OCEANA"
"1157",206,148.949146636929,"CARROTS","Row Crops",2012,2012,11,1203,"OCEANA"
"1158",207,2541.15608781957,"ASPARAGUS","Row Crops",2012,2012,11,8535,"OCEANA"
"1160",222,716.980402719891,"SQUASH","Row Crops",2012,2012,11,2996,"OCEANA"
"1161",229,132.487279877515,"PUMPKINS","Pumpkins",2012,2012,11,730,"OCEANA"
"1163",1,11821.3095381829,"CORN","Corn",2012,2012,10,29747,"OCEANA"
"1164",4,21.1672015290936,"SORGHUM","Row Crops",2012,2012,10,60,"OCEANA"
"1165",5,2431.40430587598,"SOYBEANS","Soy",2012,2012,10,4698,"OCEANA"
"1166",24,1177.66028025768,"WHEAT","Winter Wheat",2012,2012,10,2507,"OCEANA"
"1167",27,146.558114466398,"RYE","Rye",2012,2012,10,803,"OCEANA"
"1168",36,7748.25181076649,"ALFALFA","Alfalfa",2012,2012,10,9495,"OCEANA"
"1170",42,26.5125083862305,"DRY BEANS","Dry Beans",2012,2012,10,1020,"OCEANA"
"1173",66,2452.65075134223,"CHERRIES","Cherries",2012,2012,10,9959,"OCEANA"
"1174",67,107.401428890724,"PEACHES","Tree Crops",2012,2012,10,1285,"OCEANA"
"1175",68,1007.60280977467,"APPLES","Apples",2012,2012,10,4299,"OCEANA"
"1177",206,149.678340129195,"CARROTS","Row Crops",2012,2012,10,1203,"OCEANA"
"1178",207,2618.79460188335,"ASPARAGUS","Row Crops",2012,2012,10,8535,"OCEANA"
"1180",222,744.090362311127,"SQUASH","Row Crops",2012,2012,10,2996,"OCEANA"
"1181",229,132.681615230729,"PUMPKINS","Pumpkins",2012,2012,10,730,"OCEANA"
"1183",1,11994.3786611817,"CORN","Corn",2012,2012,9,29747,"OCEANA"
"1184",4,21.2384456831824,"SORGHUM","Row Crops",2012,2012,9,60,"OCEANA"
"1185",5,2447.54679162488,"SOYBEANS","Soy",2012,2012,9,4698,"OCEANA"
"1186",24,1197.56645173198,"WHEAT","Winter Wheat",2012,2012,9,2507,"OCEANA"
"1187",27,146.911547643889,"RYE","Rye",2012,2012,9,803,"OCEANA"
"1188",36,7883.16126848135,"ALFALFA","Alfalfa",2012,2012,9,9495,"OCEANA"
"1190",42,26.5125083862305,"DRY BEANS","Dry Beans",2012,2012,9,1020,"OCEANA"
"1193",66,2566.91021590887,"CHERRIES","Cherries",2012,2012,9,9959,"OCEANA"
"1194",67,107.235203661768,"PEACHES","Tree Crops",2012,2012,9,1285,"OCEANA"
"1195",68,1057.57592894604,"APPLES","Apples",2012,2012,9,4299,"OCEANA"
"1197",206,149.678340129195,"CARROTS","Row Crops",2012,2012,9,1203,"OCEANA"
"1198",207,2676.91454513496,"ASPARAGUS","Row Crops",2012,2012,9,8535,"OCEANA"
"1200",222,757.108883576717,"SQUASH","Row Crops",2012,2012,9,2996,"OCEANA"
"1201",229,132.703985351976,"PUMPKINS","Pumpkins",2012,2012,9,730,"OCEANA"
"1203",1,12240.7322977981,"CORN","Corn",2012,2012,8,29747,"OCEANA"
"1204",4,21.2384456831824,"SORGHUM","Row Crops",2012,2012,8,60,"OCEANA"
"1205",5,2473.37612834705,"SOYBEANS","Soy",2012,2012,8,4698,"OCEANA"
"1206",24,1216.01160572388,"WHEAT","Winter Wheat",2012,2012,8,2507,"OCEANA"
"1207",27,146.747259166732,"RYE","Rye",2012,2012,8,803,"OCEANA"
"1208",36,7954.85074294237,"ALFALFA","Alfalfa",2012,2012,8,9495,"OCEANA"
"1210",42,26.6841379813153,"DRY BEANS","Dry Beans",2012,2012,8,1020,"OCEANA"
"1213",66,2679.52367582233,"CHERRIES","Cherries",2012,2012,8,9959,"OCEANA"
"1214",67,107.235203661768,"PEACHES","Tree Crops",2012,2012,8,1285,"OCEANA"
"1215",68,1059.83876861088,"APPLES","Apples",2012,2012,8,4299,"OCEANA"
"1217",206,150.222682611816,"CARROTS","Row Crops",2012,2012,8,1203,"OCEANA"
"1218",207,2660.44492183647,"ASPARAGUS","Row Crops",2012,2012,8,8535,"OCEANA"
"1220",222,758.72103958068,"SQUASH","Row Crops",2012,2012,8,2996,"OCEANA"
"1221",229,133.21613197154,"PUMPKINS","Pumpkins",2012,2012,8,730,"OCEANA"
"1223",1,12373.8070713515,"CORN","Corn",2012,2012,7,29747,"OCEANA"
"1224",4,21.4555981606952,"SORGHUM","Row Crops",2012,2012,7,60,"OCEANA"
"1225",5,2480.78128028335,"SOYBEANS","Soy",2012,2012,7,4698,"OCEANA"
"1226",24,1242.36272407928,"WHEAT","Winter Wheat",2012,2012,7,2507,"OCEANA"
"1227",27,136.160815593692,"RYE","Rye",2012,2012,7,803,"OCEANA"
"1228",36,8094.14273865429,"ALFALFA","Alfalfa",2012,2012,7,9495,"OCEANA"
"1230",42,43.5152740849555,"DRY BEANS","Dry Beans",2012,2012,7,1020,"OCEANA"
"1233",66,2804.95409382691,"CHERRIES","Cherries",2012,2012,7,9959,"OCEANA"
"1234",67,106.488771669825,"PEACHES","Tree Crops",2012,2012,7,1285,"OCEANA"
"1235",68,1100.18471628618,"APPLES","Apples",2012,2012,7,4299,"OCEANA"
"1237",206,151.189277436727,"CARROTS","Row Crops",2012,2012,7,1203,"OCEANA"
"1238",207,2706.53215980877,"ASPARAGUS","Row Crops",2012,2012,7,8535,"OCEANA"
"1240",222,747.040707026783,"SQUASH","Row Crops",2012,2012,7,2996,"OCEANA"
"1241",229,134.19201528397,"PUMPKINS","Pumpkins",2012,2012,7,730,"OCEANA"
"1243",1,12477.8567472692,"CORN","Corn",2012,2012,6,29747,"OCEANA"
"1244",4,21.4555981606952,"SORGHUM","Row Crops",2012,2012,6,60,"OCEANA"
"1245",5,2501.16102861081,"SOYBEANS","Soy",2012,2012,6,4698,"OCEANA"
"1246",24,1256.89134067952,"WHEAT","Winter Wheat",2012,2012,6,2507,"OCEANA"
"1247",27,136.473847737131,"RYE","Rye",2012,2012,6,803,"OCEANA"
"1248",36,8309.87101259392,"ALFALFA","Alfalfa",2012,2012,6,9495,"OCEANA"
"1250",42,43.954536976178,"DRY BEANS","Dry Beans",2012,2012,6,1020,"OCEANA"
"1253",66,2893.13054851069,"CHERRIES","Cherries",2012,2012,6,9959,"OCEANA"
"1254",67,96.0185169462128,"PEACHES","Tree Crops",2012,2012,6,1285,"OCEANA"
"1255",68,1140.65897468062,"APPLES","Apples",2012,2012,6,4299,"OCEANA"
"1257",206,152.483998382051,"CARROTS","Row Crops",2012,2012,6,1203,"OCEANA"
"1258",207,2746.90618503102,"ASPARAGUS","Row Crops",2012,2012,6,8535,"OCEANA"
"1260",222,747.329947260134,"SQUASH","Row Crops",2012,2012,6,2996,"OCEANA"
"1261",229,134.438222024717,"PUMPKINS","Pumpkins",2012,2012,6,730,"OCEANA"
"1263",1,12668.2825972589,"CORN","Corn",2012,2012,5,29747,"OCEANA"
"1264",4,21.4555981606952,"SORGHUM","Row Crops",2012,2012,5,60,"OCEANA"
"1265",5,2517.46403134855,"SOYBEANS","Soy",2012,2012,5,4698,"OCEANA"
"1266",24,1271.71790570205,"WHEAT","Winter Wheat",2012,2012,5,2507,"OCEANA"
"1267",27,137.18661287939,"RYE","Rye",2012,2012,5,803,"OCEANA"
"1268",36,8416.37612254349,"ALFALFA","Alfalfa",2012,2012,5,9495,"OCEANA"
"1270",42,44.0992406928912,"DRY BEANS","Dry Beans",2012,2012,5,1020,"OCEANA"
"1273",66,3037.52311951844,"CHERRIES","Cherries",2012,2012,5,9959,"OCEANA"
"1274",67,95.5145583040582,"PEACHES","Tree Crops",2012,2012,5,1285,"OCEANA"
"1275",68,1172.15396938078,"APPLES","Apples",2012,2012,5,4299,"OCEANA"
"1277",206,154.688581927065,"CARROTS","Row Crops",2012,2012,5,1203,"OCEANA"
"1278",207,2758.46071320788,"ASPARAGUS","Row Crops",2012,2012,5,8535,"OCEANA"
"1280",222,747.362839131587,"SQUASH","Row Crops",2012,2012,5,2996,"OCEANA"
"1281",229,134.438222024717,"PUMPKINS","Pumpkins",2012,2012,5,730,"OCEANA"
"1283",1,12836.7548554433,"CORN","Corn",2012,2012,4,29747,"OCEANA"
"1284",4,21.4555981606952,"SORGHUM","Row Crops",2012,2012,4,60,"OCEANA"
"1285",5,2521.91695650506,"SOYBEANS","Soy",2012,2012,4,4698,"OCEANA"
"1286",24,1263.43405402645,"WHEAT","Winter Wheat",2012,2012,4,2507,"OCEANA"
"1287",27,137.026551671387,"RYE","Rye",2012,2012,4,803,"OCEANA"
"1288",36,8587.18966383281,"ALFALFA","Alfalfa",2012,2012,4,9495,"OCEANA"
"1290",42,44.0992406928912,"DRY BEANS","Dry Beans",2012,2012,4,1020,"OCEANA"
"1293",66,3190.1598778073,"CHERRIES","Cherries",2012,2012,4,9959,"OCEANA"
"1294",67,95.5160213876666,"PEACHES","Tree Crops",2012,2012,4,1285,"OCEANA"
"1295",68,1235.08760041079,"APPLES","Apples",2012,2012,4,4299,"OCEANA"
"1297",206,155.495703383601,"CARROTS","Row Crops",2012,2012,4,1203,"OCEANA"
"1298",207,2786.84175374119,"ASPARAGUS","Row Crops",2012,2012,4,8535,"OCEANA"
"1300",216,22.4041554970093,"PEPPERS","Row Crops",2012,2012,4,77,"OCEANA"
"1301",222,748.886797593658,"SQUASH","Row Crops",2012,2012,4,2996,"OCEANA"
"1302",229,148.171513083945,"PUMPKINS","Pumpkins",2012,2012,4,730,"OCEANA"
"1304",1,13027.3321975994,"CORN","Corn",2012,2012,3,29747,"OCEANA"
"1305",4,30.5911917533441,"SORGHUM","Row Crops",2012,2012,3,60,"OCEANA"
"1306",5,2529.14497943279,"SOYBEANS","Soy",2012,2012,3,4698,"OCEANA"
"1307",24,1299.9652598664,"WHEAT","Winter Wheat",2012,2012,3,2507,"OCEANA"
"1308",27,138.667464097426,"RYE","Rye",2012,2012,3,803,"OCEANA"
"1309",36,8963.96986151173,"ALFALFA","Alfalfa",2012,2012,3,9495,"OCEANA"
"1311",42,58.2556987328125,"DRY BEANS","Dry Beans",2012,2012,3,1020,"OCEANA"
"1314",66,3523.90089482218,"CHERRIES","Cherries",2012,2012,3,9959,"OCEANA"
"1315",67,107.088315816778,"PEACHES","Tree Crops",2012,2012,3,1285,"OCEANA"
"1316",68,1258.84006663392,"APPLES","Apples",2012,2012,3,4299,"OCEANA"
"1318",206,156.957293683878,"CARROTS","Row Crops",2012,2012,3,1203,"OCEANA"
"1319",207,2836.87748775706,"ASPARAGUS","Row Crops",2012,2012,3,8535,"OCEANA"
"1321",216,22.6117226412628,"PEPPERS","Row Crops",2012,2012,3,77,"OCEANA"
"1322",222,750.603403602159,"SQUASH","Row Crops",2012,2012,3,2996,"OCEANA"
"1323",229,147.578991008339,"PUMPKINS","Pumpkins",2012,2012,3,730,"OCEANA"
"1325",1,13331.633711668,"CORN","Corn",2012,2012,2,29747,"OCEANA"
"1326",4,21.4578598410901,"SORGHUM","Row Crops",2012,2012,2,60,"OCEANA"
"1327",5,2551.70894559409,"SOYBEANS","Soy",2012,2012,2,4698,"OCEANA"
"1328",24,1363.94946450035,"WHEAT","Winter Wheat",2012,2012,2,2507,"OCEANA"
"1329",27,138.885654403873,"RYE","Rye",2012,2012,2,803,"OCEANA"
"1330",36,9174.04601944272,"ALFALFA","Alfalfa",2012,2012,2,9495,"OCEANA"
"1332",42,58.3635894150641,"DRY BEANS","Dry Beans",2012,2012,2,1020,"OCEANA"
"1335",66,4064.01782037854,"CHERRIES","Cherries",2012,2012,2,9959,"OCEANA"
"1336",67,106.760555708581,"PEACHES","Tree Crops",2012,2012,2,1285,"OCEANA"
"1337",68,1298.29943076816,"APPLES","Apples",2012,2012,2,4299,"OCEANA"
"1339",206,157.099546349446,"CARROTS","Row Crops",2012,2012,2,1203,"OCEANA"
"1340",207,2874.53963484447,"ASPARAGUS","Row Crops",2012,2012,2,8535,"OCEANA"
"1342",216,22.7214018183459,"PEPPERS","Row Crops",2012,2012,2,77,"OCEANA"
"1343",222,761.97692260058,"SQUASH","Row Crops",2012,2012,2,2996,"OCEANA"
"1344",229,147.62468208626,"PUMPKINS","Pumpkins",2012,2012,2,730,"OCEANA"
"1346",1,13592.316686617,"CORN","Corn",2012,2012,1,29747,"OCEANA"
"1347",4,21.4578598410901,"SORGHUM","Row Crops",2012,2012,1,60,"OCEANA"
"1348",5,2603.8260805282,"SOYBEANS","Soy",2012,2012,1,4698,"OCEANA"
"1349",24,1438.40403854215,"WHEAT","Winter Wheat",2012,2012,1,2507,"OCEANA"
"1350",27,139.517792641448,"RYE","Rye",2012,2012,1,803,"OCEANA"
"1351",36,9570.32943876783,"ALFALFA","Alfalfa",2012,2012,1,9495,"OCEANA"
"1353",42,58.3233344661578,"DRY BEANS","Dry Beans",2012,2012,1,1020,"OCEANA"
"1356",66,4370.52929575347,"CHERRIES","Cherries",2012,2012,1,9959,"OCEANA"
"1357",67,106.861645875421,"PEACHES","Tree Crops",2012,2012,1,1285,"OCEANA"
"1358",68,1386.89082834869,"APPLES","Apples",2012,2012,1,4299,"OCEANA"
"1360",206,157.27436134275,"CARROTS","Row Crops",2012,2012,1,1203,"OCEANA"
"1361",207,2923.52388710328,"ASPARAGUS","Row Crops",2012,2012,1,8535,"OCEANA"
"1363",216,22.7576442972565,"PEPPERS","Row Crops",2012,2012,1,77,"OCEANA"
"1364",222,774.488246827324,"SQUASH","Row Crops",2012,2012,1,2996,"OCEANA"
"1365",229,147.809345987468,"PUMPKINS","Pumpkins",2012,2012,1,730,"OCEANA"
"2476",1,6042.67256100675,"CORN","Corn",2017,2017,14,28798,"OCEANA"
"2478",5,2277.48632535572,"SOYBEANS","Soy",2017,2017,14,10085,"OCEANA"
"2479",24,617.690188818046,"WHEAT","Winter Wheat",2017,2017,14,4895,"OCEANA"
"2480",27,188.6994432756,"RYE","Rye",2017,2017,14,1485,"OCEANA"
"2481",28,19.3038121341736,"OATS","Row Crops",2017,2017,14,654,"OCEANA"
"2482",36,2872.0342465702,"ALFALFA","Alfalfa",2017,2017,14,8212,"OCEANA"
"2483",42,193.426941360878,"DRY BEANS","Dry Beans",2017,2017,14,1313,"OCEANA"
"2485",66,565.091281090021,"CHERRIES","Cherries",2017,2017,14,8558,"OCEANA"
"2486",68,183.057560406245,"APPLES","Apples",2017,2017,14,3650,"OCEANA"
"2488",206,434.506664224916,"CARROTS","Row Crops",2017,2017,14,1828,"OCEANA"
"2489",207,94.3475259415588,"ASPARAGUS","Row Crops",2017,2017,14,13715,"OCEANA"
"2490",222,324.338129744651,"SQUASH","Row Crops",2017,2017,14,5038,"OCEANA"
"2491",229,13.2467424604663,"PUMPKINS","Pumpkins",2017,2017,14,615,"OCEANA"
"2492",1,8840.83302300986,"CORN","Corn",2017,2017,13,28798,"OCEANA"
"2494",5,3249.4379285933,"SOYBEANS","Soy",2017,2017,13,10085,"OCEANA"
"2495",24,777.590780381437,"WHEAT","Winter Wheat",2017,2017,13,4895,"OCEANA"
"2496",27,356.756290505644,"RYE","Rye",2017,2017,13,1485,"OCEANA"
"2497",28,13.9249856889032,"OATS","Row Crops",2017,2017,13,654,"OCEANA"
"2498",36,5655.9593586726,"ALFALFA","Alfalfa",2017,2017,13,8212,"OCEANA"
"2499",37,12.1693830002905,"OTHER HAY/NON ALFALFA","Row Crops",2017,2017,13,1120,"OCEANA"
"2500",42,396.325715243078,"DRY BEANS","Dry Beans",2017,2017,13,1313,"OCEANA"
"2502",66,2283.26074030118,"CHERRIES","Cherries",2017,2017,13,8558,"OCEANA"
"2503",67,23.4101699943915,"PEACHES","Tree Crops",2017,2017,13,1448,"OCEANA"
"2504",68,535.562607143283,"APPLES","Apples",2017,2017,13,3650,"OCEANA"
"2506",77,11.8325268822363,"PEARS","Tree Crops",2017,2017,13,418,"OCEANA"
"2507",206,579.134557408404,"CARROTS","Row Crops",2017,2017,13,1828,"OCEANA"
"2508",207,192.539976906486,"ASPARAGUS","Row Crops",2017,2017,13,13715,"OCEANA"
"2509",222,462.698265745941,"SQUASH","Row Crops",2017,2017,13,5038,"OCEANA"
"2510",229,88.0724078838928,"PUMPKINS","Pumpkins",2017,2017,13,615,"OCEANA"
"2511",1,9848.52618576855,"CORN","Corn",2017,2017,12,28798,"OCEANA"
"2513",5,3410.61065090288,"SOYBEANS","Soy",2017,2017,12,10085,"OCEANA"
"2514",24,810.658227960247,"WHEAT","Winter Wheat",2017,2017,12,4895,"OCEANA"
"2515",27,419.368491713389,"RYE","Rye",2017,2017,12,1485,"OCEANA"
"2516",28,13.9249856889032,"OATS","Row Crops",2017,2017,12,654,"OCEANA"
"2517",36,6579.72959994757,"ALFALFA","Alfalfa",2017,2017,12,8212,"OCEANA"
"2518",37,10.71280484125,"OTHER HAY/NON ALFALFA","Row Crops",2017,2017,12,1120,"OCEANA"
"2519",42,436.999985075833,"DRY BEANS","Dry Beans",2017,2017,12,1313,"OCEANA"
"2521",66,3138.20445484635,"CHERRIES","Cherries",2017,2017,12,8558,"OCEANA"
"2522",67,26.948399404245,"PEACHES","Tree Crops",2017,2017,12,1448,"OCEANA"
"2523",68,796.447936835213,"APPLES","Apples",2017,2017,12,3650,"OCEANA"
"2525",77,12.8282095732837,"PEARS","Tree Crops",2017,2017,12,418,"OCEANA"
"2526",206,611.507450506135,"CARROTS","Row Crops",2017,2017,12,1828,"OCEANA"
"2527",207,211.041421761253,"ASPARAGUS","Row Crops",2017,2017,12,13715,"OCEANA"
"2528",222,517.070213504559,"SQUASH","Row Crops",2017,2017,12,5038,"OCEANA"
"2529",229,107.6308750833,"PUMPKINS","Pumpkins",2017,2017,12,615,"OCEANA"
"2530",1,10385.2167283285,"CORN","Corn",2017,2017,11,28798,"OCEANA"
"2532",5,3450.02316179349,"SOYBEANS","Soy",2017,2017,11,10085,"OCEANA"
"2533",24,840.653921036253,"WHEAT","Winter Wheat",2017,2017,11,4895,"OCEANA"
"2534",27,442.196216279673,"RYE","Rye",2017,2017,11,1485,"OCEANA"
"2535",28,13.9249856889032,"OATS","Row Crops",2017,2017,11,654,"OCEANA"
"2536",36,6972.28408823811,"ALFALFA","Alfalfa",2017,2017,11,8212,"OCEANA"
"2537",37,22.2315419462238,"OTHER HAY/NON ALFALFA","Row Crops",2017,2017,11,1120,"OCEANA"
"2538",42,450.874631536793,"DRY BEANS","Dry Beans",2017,2017,11,1313,"OCEANA"
"2540",66,3432.12143534417,"CHERRIES","Cherries",2017,2017,11,8558,"OCEANA"
"2541",67,29.8472921653534,"PEACHES","Tree Crops",2017,2017,11,1448,"OCEANA"
"2542",68,893.783273490992,"APPLES","Apples",2017,2017,11,3650,"OCEANA"
"2544",77,28.0821084569598,"PEARS","Tree Crops",2017,2017,11,418,"OCEANA"
"2545",206,630.712375152718,"CARROTS","Row Crops",2017,2017,11,1828,"OCEANA"
"2546",207,214.28273940135,"ASPARAGUS","Row Crops",2017,2017,11,13715,"OCEANA"
"2547",222,522.373884677405,"SQUASH","Row Crops",2017,2017,11,5038,"OCEANA"
"2548",229,109.245484461051,"PUMPKINS","Pumpkins",2017,2017,11,615,"OCEANA"
"2549",1,10760.4759550062,"CORN","Corn",2017,2017,10,28798,"OCEANA"
"2551",5,3514.88139874181,"SOYBEANS","Soy",2017,2017,10,10085,"OCEANA"
"2552",24,864.751181323923,"WHEAT","Winter Wheat",2017,2017,10,4895,"OCEANA"
"2553",27,460.57001107128,"RYE","Rye",2017,2017,10,1485,"OCEANA"
"2554",28,13.9249856889032,"OATS","Row Crops",2017,2017,10,654,"OCEANA"
"2555",36,7218.86995396454,"ALFALFA","Alfalfa",2017,2017,10,8212,"OCEANA"
"2556",37,22.6784996002734,"OTHER HAY/NON ALFALFA","Row Crops",2017,2017,10,1120,"OCEANA"
"2557",42,476.490514453433,"DRY BEANS","Dry Beans",2017,2017,10,1313,"OCEANA"
"2559",66,3699.92387530683,"CHERRIES","Cherries",2017,2017,10,8558,"OCEANA"
"2560",67,29.8472921653534,"PEACHES","Tree Crops",2017,2017,10,1448,"OCEANA"
"2561",68,947.699321061075,"APPLES","Apples",2017,2017,10,3650,"OCEANA"
"2563",77,41.622625400838,"PEARS","Tree Crops",2017,2017,10,418,"OCEANA"
"2564",206,632.236256877103,"CARROTS","Row Crops",2017,2017,10,1828,"OCEANA"
"2565",207,227.098058823149,"ASPARAGUS","Row Crops",2017,2017,10,13715,"OCEANA"
"2566",222,536.53769282418,"SQUASH","Row Crops",2017,2017,10,5038,"OCEANA"
"2567",229,109.421063271837,"PUMPKINS","Pumpkins",2017,2017,10,615,"OCEANA"
"2568",1,11024.3227891365,"CORN","Corn",2017,2017,9,28798,"OCEANA"
"2570",5,3557.67656303736,"SOYBEANS","Soy",2017,2017,9,10085,"OCEANA"
"2571",24,866.736880514767,"WHEAT","Winter Wheat",2017,2017,9,4895,"OCEANA"
"2572",27,462.189573528794,"RYE","Rye",2017,2017,9,1485,"OCEANA"
"2573",28,13.9249856889032,"OATS","Row Crops",2017,2017,9,654,"OCEANA"
"2574",36,7309.07100817486,"ALFALFA","Alfalfa",2017,2017,9,8212,"OCEANA"
"2575",37,23.0021592193842,"OTHER HAY/NON ALFALFA","Row Crops",2017,2017,9,1120,"OCEANA"
"2576",42,450.158876761873,"DRY BEANS","Dry Beans",2017,2017,9,1313,"OCEANA"
"2578",66,3905.25970342908,"CHERRIES","Cherries",2017,2017,9,8558,"OCEANA"
"2579",67,30.0653832919617,"PEACHES","Tree Crops",2017,2017,9,1448,"OCEANA"
"2580",68,935.786142991986,"APPLES","Apples",2017,2017,9,3650,"OCEANA"
"2582",77,55.8591692603009,"PEARS","Tree Crops",2017,2017,9,418,"OCEANA"
"2583",206,633.596947135396,"CARROTS","Row Crops",2017,2017,9,1828,"OCEANA"
"2584",207,235.6041495627,"ASPARAGUS","Row Crops",2017,2017,9,13715,"OCEANA"
"2585",222,551.733564926327,"SQUASH","Row Crops",2017,2017,9,5038,"OCEANA"
"2586",229,110.049440880193,"PUMPKINS","Pumpkins",2017,2017,9,615,"OCEANA"
"2587",1,11230.5708204483,"CORN","Corn",2017,2017,8,28798,"OCEANA"
"2589",5,3531.57690487742,"SOYBEANS","Soy",2017,2017,8,10085,"OCEANA"
"2590",24,910.167657026874,"WHEAT","Winter Wheat",2017,2017,8,4895,"OCEANA"
"2591",27,464.523504294649,"RYE","Rye",2017,2017,8,1485,"OCEANA"
"2592",28,13.9249856889032,"OATS","Row Crops",2017,2017,8,654,"OCEANA"
"2593",36,7353.75561111218,"ALFALFA","Alfalfa",2017,2017,8,8212,"OCEANA"
"2594",37,23.0021592193842,"OTHER HAY/NON ALFALFA","Row Crops",2017,2017,8,1120,"OCEANA"
"2595",42,451.819160476422,"DRY BEANS","Dry Beans",2017,2017,8,1313,"OCEANA"
"2597",66,4027.15831865415,"CHERRIES","Cherries",2017,2017,8,8558,"OCEANA"
"2598",67,30.1075960774316,"PEACHES","Tree Crops",2017,2017,8,1448,"OCEANA"
"2599",68,961.143766374157,"APPLES","Apples",2017,2017,8,3650,"OCEANA"
"2601",77,67.8140333275409,"PEARS","Tree Crops",2017,2017,8,418,"OCEANA"
"2602",206,633.93764001707,"CARROTS","Row Crops",2017,2017,8,1828,"OCEANA"
"2603",207,224.711154259307,"ASPARAGUS","Row Crops",2017,2017,8,13715,"OCEANA"
"2604",222,553.042289775322,"SQUASH","Row Crops",2017,2017,8,5038,"OCEANA"
"2605",229,110.049440880193,"PUMPKINS","Pumpkins",2017,2017,8,615,"OCEANA"
"2606",1,11320.1252059412,"CORN","Corn",2017,2017,7,28798,"OCEANA"
"2608",5,3579.95173651132,"SOYBEANS","Soy",2017,2017,7,10085,"OCEANA"
"2609",24,930.561416618071,"WHEAT","Winter Wheat",2017,2017,7,4895,"OCEANA"
"2610",27,465.219473837955,"RYE","Rye",2017,2017,7,1485,"OCEANA"
"2611",28,13.9249856889032,"OATS","Row Crops",2017,2017,7,654,"OCEANA"
"2612",36,7489.6003928641,"ALFALFA","Alfalfa",2017,2017,7,8212,"OCEANA"
"2613",37,23.0022943247668,"OTHER HAY/NON ALFALFA","Row Crops",2017,2017,7,1120,"OCEANA"
"2614",42,440.916809419378,"DRY BEANS","Dry Beans",2017,2017,7,1313,"OCEANA"
"2616",66,4192.15868745955,"CHERRIES","Cherries",2017,2017,7,8558,"OCEANA"
"2617",67,29.5121672301801,"PEACHES","Tree Crops",2017,2017,7,1448,"OCEANA"
"2618",68,974.775863924047,"APPLES","Apples",2017,2017,7,3650,"OCEANA"
"2620",77,57.274835283346,"PEARS","Tree Crops",2017,2017,7,418,"OCEANA"
"2621",206,635.76013483155,"CARROTS","Row Crops",2017,2017,7,1828,"OCEANA"
"2622",207,224.933548698978,"ASPARAGUS","Row Crops",2017,2017,7,13715,"OCEANA"
"2623",222,553.528754819292,"SQUASH","Row Crops",2017,2017,7,5038,"OCEANA"
"2624",229,109.193787000206,"PUMPKINS","Pumpkins",2017,2017,7,615,"OCEANA"
"2625",1,11305.8993311538,"CORN","Corn",2017,2017,6,28798,"OCEANA"
"2627",5,3608.86777104316,"SOYBEANS","Soy",2017,2017,6,10085,"OCEANA"
"2628",24,936.15803345303,"WHEAT","Winter Wheat",2017,2017,6,4895,"OCEANA"
"2629",27,465.952636967075,"RYE","Rye",2017,2017,6,1485,"OCEANA"
"2630",28,13.9249856889032,"OATS","Row Crops",2017,2017,6,654,"OCEANA"
"2631",36,7652.5245829257,"ALFALFA","Alfalfa",2017,2017,6,8212,"OCEANA"
"2632",37,23.0022943247668,"OTHER HAY/NON ALFALFA","Row Crops",2017,2017,6,1120,"OCEANA"
"2633",42,442.284507511522,"DRY BEANS","Dry Beans",2017,2017,6,1313,"OCEANA"
"2635",66,4359.59896047748,"CHERRIES","Cherries",2017,2017,6,8558,"OCEANA"
"2636",67,35.1137970811365,"PEACHES","Tree Crops",2017,2017,6,1448,"OCEANA"
"2637",68,1005.80696133722,"APPLES","Apples",2017,2017,6,3650,"OCEANA"
"2639",77,63.3489996037329,"PEARS","Tree Crops",2017,2017,6,418,"OCEANA"
"2640",206,637.366546066562,"CARROTS","Row Crops",2017,2017,6,1828,"OCEANA"
"2641",207,239.326906109349,"ASPARAGUS","Row Crops",2017,2017,6,13715,"OCEANA"
"2642",222,554.970581395018,"SQUASH","Row Crops",2017,2017,6,5038,"OCEANA"
"2643",229,109.193787000206,"PUMPKINS","Pumpkins",2017,2017,6,615,"OCEANA"
"2644",1,11400.1788435858,"CORN","Corn",2017,2017,5,28798,"OCEANA"
"2646",5,3618.5460936362,"SOYBEANS","Soy",2017,2017,5,10085,"OCEANA"
"2647",24,938.211166820138,"WHEAT","Winter Wheat",2017,2017,5,4895,"OCEANA"
"2648",27,465.14418707985,"RYE","Rye",2017,2017,5,1485,"OCEANA"
"2649",28,13.9249856889032,"OATS","Row Crops",2017,2017,5,654,"OCEANA"
"2650",36,7687.9790495716,"ALFALFA","Alfalfa",2017,2017,5,8212,"OCEANA"
"2651",37,23.5832354951544,"OTHER HAY/NON ALFALFA","Row Crops",2017,2017,5,1120,"OCEANA"
"2652",42,454.201093379363,"DRY BEANS","Dry Beans",2017,2017,5,1313,"OCEANA"
"2654",66,4602.70446645034,"CHERRIES","Cherries",2017,2017,5,8558,"OCEANA"
"2655",67,29.5121672301801,"PEACHES","Tree Crops",2017,2017,5,1448,"OCEANA"
"2656",68,1051.66570540025,"APPLES","Apples",2017,2017,5,3650,"OCEANA"
"2658",77,70.021698505979,"PEARS","Tree Crops",2017,2017,5,418,"OCEANA"
"2659",206,644.136158210518,"CARROTS","Row Crops",2017,2017,5,1828,"OCEANA"
"2660",207,239.970632280397,"ASPARAGUS","Row Crops",2017,2017,5,13715,"OCEANA"
"2661",222,546.201574555168,"SQUASH","Row Crops",2017,2017,5,5038,"OCEANA"
"2662",229,108.800345978809,"PUMPKINS","Pumpkins",2017,2017,5,615,"OCEANA"
"2663",1,11448.8737579095,"CORN","Corn",2017,2017,4,28798,"OCEANA"
"2665",5,3639.28032437215,"SOYBEANS","Soy",2017,2017,4,10085,"OCEANA"
"2666",24,973.698430410798,"WHEAT","Winter Wheat",2017,2017,4,4895,"OCEANA"
"2667",27,476.093664818851,"RYE","Rye",2017,2017,4,1485,"OCEANA"
"2668",28,13.9249856889032,"OATS","Row Crops",2017,2017,4,654,"OCEANA"
"2669",36,7829.18165791595,"ALFALFA","Alfalfa",2017,2017,4,8212,"OCEANA"
"2670",37,23.6832015936566,"OTHER HAY/NON ALFALFA","Row Crops",2017,2017,4,1120,"OCEANA"
"2671",42,441.712860921819,"DRY BEANS","Dry Beans",2017,2017,4,1313,"OCEANA"
"2673",66,4760.55094910673,"CHERRIES","Cherries",2017,2017,4,8558,"OCEANA"
"2674",67,29.5121672301801,"PEACHES","Tree Crops",2017,2017,4,1448,"OCEANA"
"2675",68,1059.95058178336,"APPLES","Apples",2017,2017,4,3650,"OCEANA"
"2677",77,71.7692085058417,"PEARS","Tree Crops",2017,2017,4,418,"OCEANA"
"2678",206,645.71699054882,"CARROTS","Row Crops",2017,2017,4,1828,"OCEANA"
"2679",207,250.815262933534,"ASPARAGUS","Row Crops",2017,2017,4,13715,"OCEANA"
"2680",222,546.973649693533,"SQUASH","Row Crops",2017,2017,4,5038,"OCEANA"
"2681",229,109.631821666161,"PUMPKINS","Pumpkins",2017,2017,4,615,"OCEANA"
"2682",1,11622.9104139299,"CORN","Corn",2017,2017,3,28798,"OCEANA"
"2684",5,3639.96295724355,"SOYBEANS","Soy",2017,2017,3,10085,"OCEANA"
"2685",24,969.961513649674,"WHEAT","Winter Wheat",2017,2017,3,4895,"OCEANA"
"2686",27,515.463392549428,"RYE","Rye",2017,2017,3,1485,"OCEANA"
"2687",28,13.9249856889032,"OATS","Row Crops",2017,2017,3,654,"OCEANA"
"2688",36,8047.95467779999,"ALFALFA","Alfalfa",2017,2017,3,8212,"OCEANA"
"2689",37,24.547136960025,"OTHER HAY/NON ALFALFA","Row Crops",2017,2017,3,1120,"OCEANA"
"2690",42,466.946442902886,"DRY BEANS","Dry Beans",2017,2017,3,1313,"OCEANA"
"2692",66,5181.72423441633,"CHERRIES","Cherries",2017,2017,3,8558,"OCEANA"
"2693",67,29.5121672301801,"PEACHES","Tree Crops",2017,2017,3,1448,"OCEANA"
"2694",68,1054.85260175364,"APPLES","Apples",2017,2017,3,3650,"OCEANA"
"2696",77,71.7902949902148,"PEARS","Tree Crops",2017,2017,3,418,"OCEANA"
"2697",206,658.984247761705,"CARROTS","Row Crops",2017,2017,3,1828,"OCEANA"
"2698",207,251.37962852253,"ASPARAGUS","Row Crops",2017,2017,3,13715,"OCEANA"
"2699",222,558.42828938434,"SQUASH","Row Crops",2017,2017,3,5038,"OCEANA"
"2700",229,109.185754911302,"PUMPKINS","Pumpkins",2017,2017,3,615,"OCEANA"
"2701",1,11845.8434643461,"CORN","Corn",2017,2017,2,28798,"OCEANA"
"2703",5,3662.23065666601,"SOYBEANS","Soy",2017,2017,2,10085,"OCEANA"
"2704",24,976.187015424409,"WHEAT","Winter Wheat",2017,2017,2,4895,"OCEANA"
"2705",27,528.848545693438,"RYE","Rye",2017,2017,2,1485,"OCEANA"
"2706",28,35.8776151962738,"OATS","Row Crops",2017,2017,2,654,"OCEANA"
"2707",36,8199.7730830585,"ALFALFA","Alfalfa",2017,2017,2,8212,"OCEANA"
"2708",37,25.6595727517358,"OTHER HAY/NON ALFALFA","Row Crops",2017,2017,2,1120,"OCEANA"
"2709",42,477.868794955958,"DRY BEANS","Dry Beans",2017,2017,2,1313,"OCEANA"
"2711",66,5673.54859186164,"CHERRIES","Cherries",2017,2017,2,8558,"OCEANA"
"2712",67,29.5332537447174,"PEACHES","Tree Crops",2017,2017,2,1448,"OCEANA"
"2713",68,1103.76744975297,"APPLES","Apples",2017,2017,2,3650,"OCEANA"
"2715",77,72.5974908014661,"PEARS","Tree Crops",2017,2017,2,418,"OCEANA"
"2716",206,649.624136170791,"CARROTS","Row Crops",2017,2017,2,1828,"OCEANA"
"2717",207,242.35316861785,"ASPARAGUS","Row Crops",2017,2017,2,13715,"OCEANA"
"2718",222,558.557322143557,"SQUASH","Row Crops",2017,2017,2,5038,"OCEANA"
"2719",229,109.569774903754,"PUMPKINS","Pumpkins",2017,2017,2,615,"OCEANA"
"2720",1,11960.9317593821,"CORN","Corn",2017,2017,1,28798,"OCEANA"
"2722",5,3704.49348123029,"SOYBEANS","Soy",2017,2017,1,10085,"OCEANA"
"2723",24,1000.2488409697,"WHEAT","Winter Wheat",2017,2017,1,4895,"OCEANA"
"2724",27,546.345627539928,"RYE","Rye",2017,2017,1,1485,"OCEANA"
"2725",28,35.8776151962738,"OATS","Row Crops",2017,2017,1,654,"OCEANA"
"2726",36,8483.68891465994,"ALFALFA","Alfalfa",2017,2017,1,8212,"OCEANA"
"2727",37,25.2769601598084,"OTHER HAY/NON ALFALFA","Row Crops",2017,2017,1,1120,"OCEANA"
"2728",42,477.098240182988,"DRY BEANS","Dry Beans",2017,2017,1,1313,"OCEANA"
"2730",66,6061.36066617928,"CHERRIES","Cherries",2017,2017,1,8558,"OCEANA"
"2731",67,29.5332537447174,"PEACHES","Tree Crops",2017,2017,1,1448,"OCEANA"
"2732",68,1212.88691262469,"APPLES","Apples",2017,2017,1,3650,"OCEANA"
"2734",77,72.5974908014661,"PEARS","Tree Crops",2017,2017,1,418,"OCEANA"
"2735",206,653.25628692738,"CARROTS","Row Crops",2017,2017,1,1828,"OCEANA"
"2736",207,254.609233289102,"ASPARAGUS","Row Crops",2017,2017,1,13715,"OCEANA"
"2737",222,581.686454240158,"SQUASH","Row Crops",2017,2017,1,5038,"OCEANA"
"2738",229,110.1093702375,"PUMPKINS","Pumpkins",2017,2017,1,615,"OCEANA"
